Energy Infrastructure Update for April 2011	/sites/default/files/2020-05/04-11-energy-infrastructure.pdf
Energy Infrastructure Update for April 2012	/sites/default/files/2020-05/apr-2012-energy-infrastructure.pdf
Energy Infrastructure Update for April 2013	/sites/default/files/2020-05/apr-energy-infrastructure_2.pdf
Energy Infrastructure Update for April 2014	/sites/default/files/2020-05/apr-infrastructure_1.pdf
Energy Infrastructure Update for April 2015	/sites/default/files/2020-05/apr-infrastructure_0.pdf
Energy Infrastructure Update for April 2016	/sites/default/files/2020-05/apr-infrastructure.pdf
Energy Infrastructure Update for April 2017	/sites/default/files/2020-05/apr-energy-infrastructure_1.pdf
Energy Infrastructure Update for April 2018	/sites/default/files/2020-05/apr-energy-infrastructure_0.pdf
Energy Infrastructure Update for April 2019	/sites/default/files/2020-05/apr-energy-infrastructure.pdf
Energy Infrastructure Update for April 2020	/sites/default/files/2020-06/apr-energy-infrastructure-2020.pdf
Energy Infrastructure Update for April 2021	https://cms.ferc.gov/media/energy-infrastructure-update-april-2021-revised-hydropower-data
Energy Infrastructure Update for April 2022	https://cms.ferc.gov/media/energy-infrastructure-update-april-2022-0
Energy Infrastructure Update for April 2023	https://cms.ferc.gov/media/energy-infrastructure-update-april-2023-1
Energy Infrastructure Update for April 2024	https://cms.ferc.gov/media/energy-infrastructure-update-april-2024
Energy Infrastructure Update for April 2025	https://cms.ferc.gov/media/energy-infrastructure-update-april-2025
Energy Infrastructure Update for August 2011	/sites/default/files/2020-05/08-11-energy-infrastructure.pdf
Energy Infrastructure Update for August 2012	/sites/default/files/2020-05/aug-2012-energy-infrastructure.pdf
Energy Infrastructure Update for August 2013	/sites/default/files/2020-05/aug-energy-infrastructure_3.pdf
Energy Infrastructure Update for August 2014	/sites/default/files/2020-05/aug-infrastructure_0.pdf
Energy Infrastructure Update for August 2015	/sites/default/files/2020-05/aug-infrastructure.pdf
Energy Infrastructure Update for August 2016	/sites/default/files/2020-05/aug-energy-infrastructure_2.pdf
Energy Infrastructure Update for August 2017	/sites/default/files/2020-05/aug-energy-infrastructure_1.pdf
Energy Infrastructure Update for August 2018	/sites/default/files/2020-05/aug-energy-infrastructure_0.pdf
Energy Infrastructure Update for August 2019	/sites/default/files/2020-05/aug-energy-infrastructure.pdf
Energy Infrastructure Update for August 2020	https://cms.ferc.gov/media/energy-infrastructure-update-august-2020
Energy Infrastructure Update for August 2021	https://cms.ferc.gov/media/energy-infrastructure-update-august-2021-0
Energy Infrastructure Update for August 2023	https://cms.ferc.gov/media/energy-infrastructure-update-august-2023-1
Energy Infrastructure Update for August 2024	https://cms.ferc.gov/media/energy-infrastructure-update-august-2024
Energy Infrastructure Update for August 2025	https://cms.ferc.gov/media/energy-infrastructure-update-august-2025
Energy Infrastructure Update for December 2010	/sites/default/files/2020-05/12-10-energy-infrastructure.pdf
Energy Infrastructure Update for December 2011	/sites/default/files/2020-05/12-11-energy-infrastructure.pdf
Energy Infrastructure Update for December 2012	/sites/default/files/2020-05/dec-2012-energy-infrastructure.pdf
Energy Infrastructure Update for December 2013	/sites/default/files/2020-05/dec-energy-infrastructure_3.pdf
Energy Infrastructure Update for December 2014	/sites/default/files/2020-05/dec-infrastructure_0.pdf
Energy Infrastructure Update for December 2015	/sites/default/files/2020-05/dec-infrastructure.pdf
Energy Infrastructure Update for December 2016	/sites/default/files/2020-05/dec-energy-infrastructure_2.pdf
Energy Infrastructure Update for December 2017	/sites/default/files/2020-05/dec-energy-infrastructure_1.pdf
Energy Infrastructure Update for December 2018	/sites/default/files/2020-05/dec-energy-infrastructure_0.pdf
Energy Infrastructure Update for December 2019	/sites/default/files/2020-05/dec-energy-infrastructure.pdf
Energy Infrastructure Update for December 2020	https://cms.ferc.gov/media/energy-infrastructure-update-december-2020
Energy Infrastructure Update for December 2021	https://cms.ferc.gov/media/energy-infrastructure-update-december-2021-0
Energy Infrastructure Update for December 2022	https://cms.ferc.gov/media/energy-infrastructure-update-december-2022
Energy Infrastructure Update for December 2023	https://cms.ferc.gov/media/energy-infrastructure-update-december-2023-0
Energy Infrastructure Update for December 2024	https://cms.ferc.gov/media/energy-infrastructure-update-december-2024
Energy Infrastructure Update for December 2025	https://cms.ferc.gov/media/energy-infrastructure-update-december-2025-0
Energy Infrastructure Update for February 2011	/sites/default/files/2020-05/02-11-energy-infrastructure.pdf
Energy Infrastructure Update for February 2012	/sites/default/files/2020-05/feb-2012-energy-infrastructure.pdf
Energy Infrastructure Update for February 2013	/sites/default/files/2020-05/feb-energy-infrastructure_3.pdf
Energy Infrastructure Update for February 2014	/sites/default/files/2020-05/feb-infrastructure_1.pdf
Energy Infrastructure Update for February 2015	/sites/default/files/2020-05/feb-infrastructure_0.pdf
Energy Infrastructure Update for February 2016	/sites/default/files/2020-05/feb-infrastructure.pdf
Energy Infrastructure Update for February 2017	/sites/default/files/2020-05/feb-energy-infrastructure_2.pdf
Energy Infrastructure Update for February 2018	/sites/default/files/2020-05/feb-energy-infrastructure_1.pdf
Energy Infrastructure Update for February 2019	/sites/default/files/2020-05/feb-energy-infrastructure_0.pdf
Energy Infrastructure Update for February 2020	/sites/default/files/2020-05/feb-energy-infrastructure.pdf
Energy Infrastructure Update for February 2021	https://cms.ferc.gov/media/energy-infrastructure-update-february-2021
Energy Infrastructure Update for February 2022	https://cms.ferc.gov/media/energy-infrastructure-update-february-2022
Energy Infrastructure Update for February 2023	https://cms.ferc.gov/media/energy-infrastructure-update-february-2023-0
Energy Infrastructure Update for February 2024	https://cms.ferc.gov/media/energy-infrastructure-update-february-2024
Energy Infrastructure Update for February 2025	https://cms.ferc.gov/media/energy-infrastructure-update-february-2025-2
Energy Infrastructure Update for January 2011	/sites/default/files/2020-05/01-11-energy-infrastructure.pdf
Energy Infrastructure Update for January 2012	/sites/default/files/2020-05/jan-2012-energy-infrastructure.pdf
Energy Infrastructure Update for January 2013	/sites/default/files/2020-05/jan-energy-infrastructure_3.pdf
Energy Infrastructure Update for January 2014	/sites/default/files/2020-05/jan-infrastructure_1.pdf
Energy Infrastructure Update for January 2015	/sites/default/files/2020-05/jan-infrastructure_0.pdf
Energy Infrastructure Update for January 2016	/sites/default/files/2020-05/jan-infrastructure.pdf
Energy Infrastructure Update for January 2017	/sites/default/files/2020-05/jan-energy-infrastructure_2.pdf
Energy Infrastructure Update for January 2018	/sites/default/files/2020-05/jan-energy-infrastructure_1.pdf
Energy Infrastructure Update for January 2019	/sites/default/files/2020-05/jan-energy-infrastructure_0.pdf
Energy Infrastructure Update for January 2020	/sites/default/files/2020-05/jan-energy-infrastructure.pdf
Energy Infrastructure Update for January 2021	https://cms.ferc.gov/media/energy-infrastructure-update-january-2021
Energy Infrastructure Update for January 2022	https://cms.ferc.gov/media/energy-infrastructure-update-january-2022-0
Energy Infrastructure Update for January 2023	https://cms.ferc.gov/media/energy-infrastructure-update-january-2023-0
Energy Infrastructure Update for January 2024	https://cms.ferc.gov/media/energy-infrastructure-update-january-2024
Energy Infrastructure Update for January 2025	https://cms.ferc.gov/media/energy-infrastructure-update-january-2025-0
Energy Infrastructure Update for July 2011	/sites/default/files/2020-05/07-11-energy-infrastructure.pdf
Energy Infrastructure Update for July 2012	/sites/default/files/2020-05/jul-2012-energy-infrastructure.pdf
Energy Infrastructure Update for July 2013	/sites/default/files/2020-05/jul-energy-infrastructure_1.pdf
Energy Infrastructure Update for July 2014	/sites/default/files/2020-05/jul-infrastructure.pdf
Energy Infrastructure Update for July 2015	/sites/default/files/2020-05/july-infrastructure.pdf
Energy Infrastructure Update for July 2016	/sites/default/files/2020-05/jul-energy-infrastructure_0.pdf
Energy Infrastructure Update for July 2017	/sites/default/files/2020-05/july-energy-infrastructure_0.pdf
Energy Infrastructure Update for July 2018	/sites/default/files/2020-05/jul-energy-infrastructure.pdf
Energy Infrastructure Update for July 2019	/sites/default/files/2020-05/july-energy-infrastructure.pdf
Energy Infrastructure Update for July 2020	https://cms.ferc.gov/media/energy-infrastructure-update-july-2020
Energy Infrastructure Update for July 2021	https://cms.ferc.gov/media/energy-infrastructure-update-july-2021-revised-hydropower-data
Energy Infrastructure Update for July 2023	https://cms.ferc.gov/media/energy-infrastructure-update-july-2023-1
Energy Infrastructure Update for July 2024	https://cms.ferc.gov/media/energy-infrastructure-update-july-2024
Energy Infrastructure Update for July 2025	https://cms.ferc.gov/media/energy-infrastructure-update-july-2025
Energy Infrastructure Update for June 2011	/sites/default/files/2020-05/06-11-energy-infrastructure.pdf
Energy Infrastructure Update for June 2012	/sites/default/files/2020-05/jun-2012-energy-infrastructure.pdf
Energy Infrastructure Update for June 2013	/sites/default/files/2020-05/jun-energy-infrastructure_2.pdf
Energy Infrastructure Update for June 2014	/sites/default/files/2020-05/jun-infrastructure.pdf
Energy Infrastructure Update for June 2015	/sites/default/files/2020-05/june-infrastructure.pdf
Energy Infrastructure Update for June 2016	/sites/default/files/2020-05/jun-energy-infrastructure_1.pdf
Energy Infrastructure Update for June 2017	/sites/default/files/2020-05/jun-energy-infrastructure_0.pdf
Energy Infrastructure Update for June 2018	/sites/default/files/2020-05/jun-energy-infrastructure.pdf
Energy Infrastructure Update for June 2019	/sites/default/files/2020-05/june-energy-infrastructure.pdf
Energy Infrastructure Update for June 2020	https://cms.ferc.gov/sites/default/files/2020-08/JuneMIR%202020.pdf
Energy Infrastructure Update for June 2021	https://cms.ferc.gov/media/energy-infrastructure-update-june-2021-revised-hydropower-data
Energy Infrastructure Update for June 2022	https://cms.ferc.gov/media/energy-infrastructure-update-june-2022
Energy Infrastructure Update for June 2023	https://cms.ferc.gov/media/energy-infrastructure-update-june-2023-1
Energy Infrastructure Update for June 2024	https://cms.ferc.gov/media/energy-infrastructure-update-june-2024
Energy Infrastructure Update for June 2025	https://cms.ferc.gov/media/energy-infrastructure-update-june-2025
Energy Infrastructure Update for March 2011	/sites/default/files/2020-05/03-11-energy-infrastructure.pdf
Energy Infrastructure Update for March 2012	/sites/default/files/2020-05/mar-2012-energy-infrastructure.pdf
Energy Infrastructure Update for March 2013	/sites/default/files/2020-05/mar-energy-infrastructure_2.pdf
Energy Infrastructure Update for March 2014	/sites/default/files/2020-05/mar-infrastructure_1.pdf
Energy Infrastructure Update for March 2015	/sites/default/files/2020-05/mar-infrastructure_0.pdf
Energy Infrastructure Update for March 2016	/sites/default/files/2020-05/mar-infrastructure.pdf
Energy Infrastructure Update for March 2017	/sites/default/files/2020-05/mar-energy-infrastructure_1.pdf
Energy Infrastructure Update for March 2018	/sites/default/files/2020-05/mar-energy-infrastructure_0.pdf
Energy Infrastructure Update for March 2019	/sites/default/files/2020-05/mar-energy-infrastructure.pdf
Energy Infrastructure Update for March 2020	/sites/default/files/2020-06/mar-energy-infrastructure-2020.pdf
Energy Infrastructure Update for March 2021	https://cms.ferc.gov/media/energy-infrastructure-update-march-2021-revised-hydropower-data
Energy Infrastructure Update for March 2023	https://cms.ferc.gov/media/energy-infrastructure-update-march-2023-1
Energy Infrastructure Update for March 2024	https://cms.ferc.gov/media/energy-infrastructure-update-march-2024
Energy Infrastructure Update for March 2025	https://cms.ferc.gov/media/energy-infrastructure-update-march-2025-0
Energy Infrastructure Update for May 2011	/sites/default/files/2020-05/05-11-energy-infrastructure.pdf
Energy Infrastructure Update for May 2012	/sites/default/files/2020-05/may-2012-energy-infrastructure.pdf
Energy Infrastructure Update for May 2013	/sites/default/files/2020-05/may-energy-infrastructure_2.pdf
Energy Infrastructure Update for May 2014	/sites/default/files/2020-05/may-infrastructure_1.pdf
Energy Infrastructure Update for May 2015	/sites/default/files/2020-05/may-infrastructure_0.pdf
Energy Infrastructure Update for May 2016	/sites/default/files/2020-05/may-infrastructure.pdf
Energy Infrastructure Update for May 2017	/sites/default/files/2020-05/may-energy-infrastructure_1.pdf
Energy Infrastructure Update for May 2018	/sites/default/files/2020-05/may-energy-infrastructure_0.pdf
Energy Infrastructure Update for May 2019	/sites/default/files/2020-05/may-energy-infrastructure.pdf
Energy Infrastructure Update for May 2020	https://cms.ferc.gov/sites/default/files/2020-07/MayMIR%202020.pdf
Energy Infrastructure Update for May 2021	https://cms.ferc.gov/media/energy-infrastructure-update-may-2021-revised-hydropower-data
Energy Infrastructure Update for May 2022	https://cms.ferc.gov/media/energy-infrastructure-update-may-2022-0
Energy Infrastructure Update for May 2024	https://cms.ferc.gov/media/energy-infrastructure-update-may-2024
Energy Infrastructure Update for May 2025	https://cms.ferc.gov/media/energy-infrastructure-update-may-2025
Energy Infrastructure Update for November 2011	/sites/default/files/2020-05/11-11-energy-infrastructure.pdf
Energy Infrastructure Update for November 2012	/sites/default/files/2020-05/nov-2012-energy-infrastructure.pdf
Energy Infrastructure Update for November 2013	/sites/default/files/2020-05/nov-energy-infrastructure_3.pdf
Energy Infrastructure Update for November 2014	/sites/default/files/2020-05/nov-infrastructure_0.pdf
Energy Infrastructure Update for November 2015	/sites/default/files/2020-05/nov-infrastructure.pdf
Energy Infrastructure Update for November 2016	/sites/default/files/2020-05/nov-energy-infrastructure_2.pdf
Energy Infrastructure Update for November 2017	/sites/default/files/2020-05/nov-energy-infrastructure_1.pdf
Energy Infrastructure Update for November 2018	/sites/default/files/2020-05/nov-energy-infrastructure_0.pdf
Energy Infrastructure Update for November 2019	/sites/default/files/2020-05/nov-energy-infrastructure.pdf
Energy Infrastructure Update for November 2020	https://cms.ferc.gov/media/energy-infrastructure-update-november-2020
Energy Infrastructure Update for November 2021	https://cms.ferc.gov/media/energy-infrastructure-update-november-2021-0
Energy Infrastructure Update for November 2022	https://cms.ferc.gov/media/energy-infrastructure-update-november-2022
Energy Infrastructure Update for November 2023	https://cms.ferc.gov/media/energy-infrastructure-update-november-2023-1
Energy Infrastructure Update for November 2024	https://cms.ferc.gov/media/energy-infrastructure-update-october-2024-1
Energy Infrastructure Update for November 2025	https://cms.ferc.gov/media/energy-infrastructure-update-november-2025
Energy Infrastructure Update for October 2011	/sites/default/files/2020-05/10-11-energy-infrastructure.pdf
Energy Infrastructure Update for October 2012	/sites/default/files/2020-05/oct-2012-energy-infrastructure.pdf
Energy Infrastructure Update for October 2013	/sites/default/files/2020-05/oct-energy-infrastructure_3.pdf
Energy Infrastructure Update for October 2014	/sites/default/files/2020-05/oct-infrastructure_0.pdf
Energy Infrastructure Update for October 2015	/sites/default/files/2020-05/oct-infrastructure.pdf
Energy Infrastructure Update for October 2016	/sites/default/files/2020-05/oct-energy-infrastructure_2.pdf
Energy Infrastructure Update for October 2017	/sites/default/files/2020-05/oct-energy-infrastructure_1.pdf
Energy Infrastructure Update for October 2018	/sites/default/files/2020-05/oct-energy-infrastructure_0.pdf
Energy Infrastructure Update for October 2019	/sites/default/files/2020-05/oct-energy-infrastructure.pdf
Energy Infrastructure Update for October 2020	https://cms.ferc.gov/media/energy-infrastructure-update-october-2020-revised-generation-data-based-source-data-changes
Energy Infrastructure Update for October 2021	https://cms.ferc.gov/media/energy-infrastructure-update-october-2021-0
Energy Infrastructure Update for October 2023	https://cms.ferc.gov/media/energy-infrastructure-update-october-2023-1
Energy Infrastructure Update for October 2024	https://cms.ferc.gov/media/energy-infrastructure-update-october-2024-0
Energy Infrastructure Update for October 2025	https://cms.ferc.gov/media/energy-infrastructure-update-october-2025
Energy Infrastructure Update for September 2011	/sites/default/files/2020-05/09-11-energy-infrastructure.pdf
Energy Infrastructure Update for September 2012	/sites/default/files/2020-05/sep-2012-energy-infrastructure.pdf
Energy Infrastructure Update for September 2013	/sites/default/files/2020-05/sept-energy-infrastructure.pdf
Energy Infrastructure Update for September 2014	/sites/default/files/2020-05/sep-infrastructure_0.pdf
Energy Infrastructure Update for September 2015	/sites/default/files/2020-05/sep-infrastructure.pdf
Energy Infrastructure Update for September 2016	/sites/default/files/2020-05/sep-energy-infrastructure_2.pdf
Energy Infrastructure Update for September 2017	/sites/default/files/2020-05/sep-energy-infrastructure_1.pdf
Energy Infrastructure Update for September 2018	/sites/default/files/2020-05/sep-energy-infrastructure_0.pdf
Energy Infrastructure Update for September 2019	/sites/default/files/2020-05/sep-energy-infrastructure.pdf
Energy Infrastructure Update for September 2020	https://cms.ferc.gov/media/energy-infrastructure-update-september-2020-0
Energy Infrastructure Update for September 2021	https://cms.ferc.gov/media/energy-infrastructure-update-september-2021-0
Energy Infrastructure Update for September 2023	https://cms.ferc.gov/media/energy-infrastructure-update-september-2023-1
Energy Infrastructure Update for September 2024	https://cms.ferc.gov/media/energy-infrastructure-update-september-2024
Energy Infrastructure Update for September 2025	https://cms.ferc.gov/media/energy-infrastructure-update-september-2025