ba,nercr,transreg,transgrp,cendiv,st,h2ptcreg,interconnect,st_interconnect,country,aggreg
p1,WECC_NW,NorthernGrid,NorthernGrid_West,PA,WA,Northwest,western,WA,USA,WA
p2,WECC_NW,NorthernGrid,NorthernGrid_West,PA,WA,Northwest,western,WA,USA,WA
p3,WECC_NW,NorthernGrid,NorthernGrid_West,PA,WA,Northwest,western,WA,USA,WA
p4,WECC_NW,NorthernGrid,NorthernGrid_West,PA,WA,Northwest,western,WA,USA,WA
p5,WECC_NW,NorthernGrid,NorthernGrid_West,PA,OR,Northwest,western,OR,USA,OR
p6,WECC_NW,NorthernGrid,NorthernGrid_West,PA,OR,Northwest,western,OR,USA,OR
p7,WECC_NW,NorthernGrid,NorthernGrid_West,PA,OR,Northwest,western,OR,USA,OR
p8,WECC_NW,NorthernGrid,NorthernGrid_South,PA,CA,California,western,CA,USA,CA_N
p9,WECC_CA,CAISO,CAISO,PA,CA,California,western,CA,USA,CA_N
p10,WECC_CA,CAISO,CAISO,PA,CA,California,western,CA,USA,CA_S
p11,WECC_CA,CAISO,CAISO,PA,CA,California,western,CA,USA,CA_S
p12,WECC_SW,NorthernGrid,NorthernGrid_South,MTN,NV,Mountain,western,NV,USA,NV
p13,WECC_SW,NorthernGrid,NorthernGrid_South,MTN,NV,Mountain,western,NV,USA,NV
p14,WECC_NW,NorthernGrid,NorthernGrid_East,MTN,ID,Northwest,western,ID,USA,ID
p15,WECC_BA,NorthernGrid,NorthernGrid_East,MTN,ID,Northwest,western,ID,USA,ID
p16,WECC_BA,NorthernGrid,NorthernGrid_East,MTN,ID,Northwest,western,ID,USA,ID
p17,WECC_NW,NorthernGrid,NorthernGrid_East,MTN,MT,Mountain,western,MT_western,USA,MT
p18,WECC_NW,NorthernGrid,NorthernGrid_East,MTN,MT,Mountain,western,MT_western,USA,MT
p19,WECC_NW,NorthernGrid,NorthernGrid_East,MTN,MT,Mountain,western,MT_western,USA,MT
p20,WECC_NW,NorthernGrid,NorthernGrid_East,MTN,MT,Mountain,western,MT_western,USA,MT
p21,WECC_RM,NorthernGrid,NorthernGrid_East,MTN,WY,Mountain,western,WY,USA,WY
p22,WECC_RM,NorthernGrid,NorthernGrid_East,MTN,WY,Mountain,western,WY,USA,WY
p23,WECC_RM,WestConnect,WestConnect_North,MTN,WY,Mountain,western,WY,USA,WY
p24,WECC_RM,WestConnect,WestConnect_North,MTN,WY,Mountain,western,WY,USA,WY
p25,WECC_BA,NorthernGrid,NorthernGrid_South,MTN,UT,Mountain,western,UT,USA,UT
p26,WECC_BA,NorthernGrid,NorthernGrid_South,MTN,UT,Mountain,western,UT,USA,UT
p27,WECC_SW,WestConnect,WestConnect_South,MTN,AZ,Southwest,western,AZ,USA,AZ
p28,WECC_SW,WestConnect,WestConnect_South,MTN,AZ,Southwest,western,AZ,USA,AZ
p29,WECC_SW,WestConnect,WestConnect_South,MTN,AZ,Southwest,western,AZ,USA,AZ
p30,WECC_SW,WestConnect,WestConnect_South,MTN,AZ,Southwest,western,AZ,USA,AZ
p31,WECC_SW,WestConnect,WestConnect_South,MTN,NM,Southwest,western,NM_western,USA,NM
p32,WECC_RM,WestConnect,WestConnect_North,MTN,SD,Plains,western,SD_western,USA,SD
p33,WECC_RM,WestConnect,WestConnect_North,MTN,CO,Mountain,western,CO,USA,CO
p34,WECC_RM,WestConnect,WestConnect_North,MTN,CO,Mountain,western,CO,USA,CO
p35,SPP,SPP,SPP_North,WNC,MT,Mountain,eastern,MT_eastern,USA,MT
p36,SPP,SPP,SPP_North,WNC,ND,Plains,eastern,ND,USA,ND
p37,MISO,MISO,MISO_North,WNC,ND,Plains,eastern,ND,USA,ND
p38,SPP,SPP,SPP_North,WNC,SD,Plains,eastern,SD_eastern,USA,SD
p39,SPP,SPP,SPP_North,WNC,NE,Plains,eastern,NE,USA,NE
p40,SPP,SPP,SPP_North,WNC,NE,Plains,eastern,NE,USA,NE
p41,SPP,SPP,SPP_North,WNC,NE,Plains,eastern,NE,USA,NE
p42,MISO,MISO,MISO_North,WNC,MN,Midwest,eastern,MN,USA,MN
p43,MISO,MISO,MISO_North,WNC,MN,Midwest,eastern,MN,USA,MN
p44,MISO,MISO,MISO_North,WNC,MN,Midwest,eastern,MN,USA,MN
p45,MISO,MISO,MISO_North,WNC,IA,Midwest,eastern,IA,USA,IA
p46,MISO,MISO,MISO_North,ENC,WI,Midwest,eastern,WI,USA,WI
p47,SPP,SPP,SPP_South,WSC,NM,Southwest,eastern,NM_eastern,USA,NM
p48,SPP,SPP,SPP_South,WSC,TX,Texas,eastern,TX_eastern,USA,TX_SPP
p49,SPP,SPP,SPP_South,WSC,OK,Plains,eastern,OK,USA,OK
p50,SPP,SPP,SPP_South,WSC,OK,Plains,eastern,OK,USA,OK
p51,SPP,SPP,SPP_South,WSC,OK,Plains,eastern,OK,USA,OK
p52,SPP,SPP,SPP_South,WNC,KS,Plains,eastern,KS,USA,KS
p53,SPP,SPP,SPP_South,WNC,KS,Plains,eastern,KS,USA,KS
p54,SPP,SPP,SPP_South,WNC,MO,Midwest,eastern,MO,USA,MO
p55,SPP,SPP,SPP_South,WNC,MO,Midwest,eastern,MO,USA,MO
p56,SPP,SPP,SPP_South,WSC,AR,Delta,eastern,AR,USA,AR
p57,SPP,SPP,SPP_South,WSC,TX,Texas,eastern,TX_eastern,USA,TX_MISO
p58,MISO,MISO,MISO_South,WSC,LA,Delta,eastern,LA,USA,LA
p59,WECC_SW,WestConnect,WestConnect_South,MTN,TX,Texas,western,TX_western,USA,TX_ERCOT_W
p60,ERCOT,ERCOT,ERCOT,WSC,TX,Texas,ercot,TX_ercot,USA,TX_ERCOT_W
p61,ERCOT,ERCOT,ERCOT,WSC,TX,Texas,ercot,TX_ercot,USA,TX_ERCOT_W
p62,ERCOT,ERCOT,ERCOT,WSC,TX,Texas,ercot,TX_ercot,USA,TX_ERCOT_W
p63,ERCOT,ERCOT,ERCOT,WSC,TX,Texas,ercot,TX_ercot,USA,TX_ERCOT_E
p64,ERCOT,ERCOT,ERCOT,WSC,TX,Texas,ercot,TX_ercot,USA,TX_ERCOT_E
p65,ERCOT,ERCOT,ERCOT,WSC,TX,Texas,ercot,TX_ercot,USA,TX_ERCOT_E
p66,MISO,MISO,MISO_South,WSC,TX,Texas,eastern,TX_eastern,USA,TX_MISO
p67,ERCOT,ERCOT,ERCOT,WSC,TX,Texas,ercot,TX_ercot,USA,TX_ERCOT_E
p68,MISO,MISO,MISO_North,WNC,MN,Midwest,eastern,MN,USA,MN
p69,MISO,MISO,MISO_North,WNC,IA,Midwest,eastern,IA,USA,IA
p70,MISO,MISO,MISO_North,WNC,IA,Midwest,eastern,IA,USA,IA
p71,MISO,MISO,MISO_Central,WNC,MO,Midwest,eastern,MO,USA,MO
p72,MISO,MISO,MISO_Central,WNC,MO,Midwest,eastern,MO,USA,MO
p73,MISO,MISO,MISO_Central,WNC,MO,Midwest,eastern,MO,USA,MO
p74,MISO,MISO,MISO_North,ENC,MI,Midwest,eastern,MI,USA,MI
p75,MISO,MISO,MISO_North,ENC,WI,Midwest,eastern,WI,USA,WI
p76,MISO,MISO,MISO_North,ENC,WI,Midwest,eastern,WI,USA,WI
p77,MISO,MISO,MISO_North,ENC,WI,Midwest,eastern,WI,USA,WI
p78,MISO,MISO,MISO_North,ENC,WI,Midwest,eastern,WI,USA,WI
p79,MISO,MISO,MISO_North,ENC,WI,Midwest,eastern,WI,USA,WI
p80,PJM,PJM,PJM_West,ENC,IL,Midwest,eastern,IL,USA,IL_PJM
p81,MISO,MISO,MISO_Central,ENC,IL,Midwest,eastern,IL,USA,IL_MISO
p82,MISO,MISO,MISO_Central,ENC,IL,Midwest,eastern,IL,USA,IL_MISO
p83,MISO,MISO,MISO_Central,ENC,IL,Midwest,eastern,IL,USA,IL_MISO
p84,MISO,MISO,MISO_Central,WNC,MO,Midwest,eastern,MO,USA,MO
p85,MISO,MISO,MISO_South,WSC,AR,Delta,eastern,AR,USA,AR
p86,MISO,MISO,MISO_South,WSC,LA,Delta,eastern,LA,USA,LA
p87,MISO,MISO,MISO_South,ESC,MS,Delta,eastern,MS,USA,MS
p88,SERC_C,SERTP,SERTP,ESC,MS,Delta,eastern,MS,USA,MS
p89,SERC_SE,SERTP,SERTP,ESC,AL,Southeast,eastern,AL,USA,AL
p90,SERC_SE,SERTP,SERTP,ESC,AL,Southeast,eastern,AL,USA,AL
p91,SERC_SE,SERTP,SERTP,SA,FL,Florida,eastern,FL,USA,FL
p92,SERC_C,SERTP,SERTP,ESC,TN,Southeast,eastern,TN,USA,TN
p93,SERC_C,SERTP,SERTP,ESC,KY,MidAtlantic,eastern,KY,USA,KY
p94,SERC_SE,SERTP,SERTP,SA,GA,Southeast,eastern,GA,USA,GA
p95,SERC_E,SERTP,SERTP,SA,SC,Southeast,eastern,SC,USA,SC
p96,SERC_E,SERTP,SERTP,SA,SC,Southeast,eastern,SC,USA,SC
p97,SERC_E,SERTP,SERTP,SA,NC,Southeast,eastern,NC,USA,NC
p98,SERC_E,SERTP,SERTP,SA,NC,Southeast,eastern,NC,USA,NC
p99,PJM,PJM,PJM_East,SA,VA,MidAtlantic,eastern,VA,USA,VA
p100,PJM,PJM,PJM_East,SA,VA,MidAtlantic,eastern,VA,USA,VA
p101,SERC_F,FRCC,FRCC,SA,FL,Florida,eastern,FL,USA,FL
p102,SERC_F,FRCC,FRCC,SA,FL,Florida,eastern,FL,USA,FL
p103,MISO,MISO,MISO_Central,ENC,MI,Midwest,eastern,MI,USA,MI
p104,PJM,PJM,PJM_West,ENC,MI,Midwest,eastern,MI,USA,MI
p105,MISO,MISO,MISO_Central,ENC,IN,Midwest,eastern,IN,USA,IN
p106,MISO,MISO,MISO_Central,ENC,IN,Midwest,eastern,IN,USA,IN
p107,MISO,MISO,MISO_Central,ENC,IN,Midwest,eastern,IN,USA,IN
p108,MISO,MISO,MISO_Central,ESC,KY,MidAtlantic,eastern,KY,USA,KY
p109,PJM,PJM,PJM_East,ESC,KY,MidAtlantic,eastern,KY,USA,KY
p110,PJM,PJM,PJM_East,ESC,KY,MidAtlantic,eastern,KY,USA,KY
p111,PJM,PJM,PJM_East,ENC,OH,MidAtlantic,eastern,OH,USA,OH
p112,PJM,PJM,PJM_East,ENC,OH,MidAtlantic,eastern,OH,USA,OH
p113,PJM,PJM,PJM_East,ENC,OH,MidAtlantic,eastern,OH,USA,OH
p114,PJM,PJM,PJM_East,ENC,OH,MidAtlantic,eastern,OH,USA,OH
p115,PJM,PJM,PJM_East,MA,PA,MidAtlantic,eastern,PA,USA,PA
p116,PJM,PJM,PJM_East,SA,WV,MidAtlantic,eastern,WV,USA,WV
p117,PJM,PJM,PJM_East,SA,WV,MidAtlantic,eastern,WV,USA,WV
p118,PJM,PJM,PJM_East,SA,VA,MidAtlantic,eastern,VA,USA,VA
p119,PJM,PJM,PJM_East,MA,PA,MidAtlantic,eastern,PA,USA,PA
p120,PJM,PJM,PJM_East,MA,PA,MidAtlantic,eastern,PA,USA,PA
p121,PJM,PJM,PJM_East,SA,MD,MidAtlantic,eastern,MD,USA,MD
p122,PJM,PJM,PJM_East,MA,PA,MidAtlantic,eastern,PA,USA,PA
p123,PJM,PJM,PJM_East,SA,MD,MidAtlantic,eastern,MD,USA,MD
p124,PJM,PJM,PJM_East,SA,VA,MidAtlantic,eastern,VA,USA,VA
p125,PJM,PJM,PJM_East,SA,DE,MidAtlantic,eastern,DE,USA,DE
p126,PJM,PJM,PJM_East,MA,NJ,MidAtlantic,eastern,NJ,USA,NJ
p127,NPCC_NY,NYISO,NYISO,MA,NY,NewYork,eastern,NY,USA,NY_UP
p128,NPCC_NY,NYISO,NYISO,MA,NY,NewYork,eastern,NY,USA,NY_NYCLI
p129,NPCC_NE,ISONE,ISONE,NE,VT,NewEngland,eastern,VT,USA,VT
p130,NPCC_NE,ISONE,ISONE,NE,NH,NewEngland,eastern,NH,USA,NH
p131,NPCC_NE,ISONE,ISONE,NE,MA,NewEngland,eastern,MA,USA,MA
p132,NPCC_NE,ISONE,ISONE,NE,CT,NewEngland,eastern,CT,USA,CT
p133,NPCC_NE,ISONE,ISONE,NE,RI,NewEngland,eastern,RI,USA,RI
p134,NPCC_NE,ISONE,ISONE,NE,ME,NewEngland,eastern,ME,USA,ME
p135,nrn5,CAISO,CAISO,PA,MEX,,western,MEX,MEX,MEX
p136,nrn5,CAISO,CAISO,PA,MEX,,western,MEX,MEX,MEX
p137,nrn20,CAN,CAN,PA,BC,,western,BC,CAN,CAN
p138,nrn20,CAN,CAN,PA,BC,,western,BC,CAN,CAN
p139,nrn20,CAN,CAN,PA,BC,,western,BC,CAN,CAN
p140,nrn21,CAN,CAN,MTN,AB,,western,AB,CAN,CAN
p141,nrn21,CAN,CAN,MTN,AB,,western,AB,CAN,CAN
p142,nrn22,CAN,CAN,WNC,SK,,eastern,SK,CAN,CAN
p143,nrn23,CAN,CAN,WNC,MB,,eastern,MB,CAN,CAN
p144,nrn24,CAN,CAN,MA,ON,,eastern,ON,CAN,CAN
p145,nrn24,CAN,CAN,MA,ON,,eastern,ON,CAN,CAN
p146,nrn24,CAN,CAN,MA,ON,,eastern,ON,CAN,CAN
p147,nrn24,CAN,CAN,MA,ON,,eastern,ON,CAN,CAN
p148,nrn25,CAN,CAN,NE,QC,,quebec,QC,CAN,CAN
p149,nrn25,CAN,CAN,NE,QC,,quebec,QC,CAN,CAN
p150,nrn25,CAN,CAN,NE,QC,,quebec,QC,CAN,CAN
p151,nrn25,CAN,CAN,NE,QC,,quebec,QC,CAN,CAN
p152,nrn26,CAN,CAN,NE,NB,,eastern,NB,CAN,CAN
p153,nrn26,CAN,CAN,NE,NS,,eastern,NS,CAN,CAN
p154,nrn24,CAN,CAN,NE,NL,,quebec,NL,CAN,CAN
p155,nrn24,CAN,CAN,NE,NFI,,quebec,NFI,CAN,CAN
p156,nrn26,CAN,CAN,NE,PEI,,eastern,PEI,CAN,CAN
p157,nrn27,MEX,MEX,MEX,SIN_SON,,mexico,SIN_SON,MEX,MEX
p158,nrn27,MEX,MEX,MEX,SIN_SON,,mexico,SIN_SON,MEX,MEX
p159,nrn27,MEX,MEX,MEX,SIN_SON,,mexico,SIN_SON,MEX,MEX
p160,nrn27,MEX,MEX,MEX,SIN_SON,,mexico,SIN_SON,MEX,MEX
p161,nrn27,MEX,MEX,MEX,SIN_SON,,mexico,SIN_SON,MEX,MEX
p162,nrn27,MEX,MEX,MEX,SIN_SON,,mexico,SIN_SON,MEX,MEX
p163,nrn27,MEX,MEX,MEX,CHH,,mexico,CHH,MEX,MEX
p164,nrn27,MEX,MEX,MEX,CHH,,mexico,CHH,MEX,MEX
p165,nrn27,MEX,MEX,MEX,CHH,,mexico,CHH,MEX,MEX
p166,nrn27,MEX,MEX,MEX,COA_DGO_NLE,,mexico,COA_DGO_NLE,MEX,MEX
p167,nrn27,MEX,MEX,MEX,COA_DGO_NLE,,mexico,COA_DGO_NLE,MEX,MEX
p168,nrn27,MEX,MEX,MEX,COA_DGO_NLE,,mexico,COA_DGO_NLE,MEX,MEX
p169,nrn27,MEX,MEX,MEX,DIF_HID_MEX_MOR_OAX_PUE_TAM_TLA_VER,,mexico,DIF_HID_MEX_MOR_OAX_PUE_TAM_TLA_VER,MEX,MEX
p170,nrn27,MEX,MEX,MEX,DIF_HID_MEX_MOR_OAX_PUE_TAM_TLA_VER,,mexico,DIF_HID_MEX_MOR_OAX_PUE_TAM_TLA_VER,MEX,MEX
p171,nrn27,MEX,MEX,MEX,DIF_HID_MEX_MOR_OAX_PUE_TAM_TLA_VER,,mexico,DIF_HID_MEX_MOR_OAX_PUE_TAM_TLA_VER,MEX,MEX
p172,nrn27,MEX,MEX,MEX,COA_DGO_NLE,,mexico,COA_DGO_NLE,MEX,MEX
p173,nrn27,MEX,MEX,MEX,COA_DGO_NLE,,mexico,COA_DGO_NLE,MEX,MEX
p174,nrn27,MEX,MEX,MEX,SLP,,mexico,SLP,MEX,MEX
p175,nrn27,MEX,MEX,MEX,DIF_HID_MEX_MOR_OAX_PUE_TAM_TLA_VER,,mexico,DIF_HID_MEX_MOR_OAX_PUE_TAM_TLA_VER,MEX,MEX
p176,nrn27,MEX,MEX,MEX,SLP,,mexico,SLP,MEX,MEX
p177,nrn27,MEX,MEX,MEX,DIF_HID_MEX_MOR_OAX_PUE_TAM_TLA_VER,,mexico,DIF_HID_MEX_MOR_OAX_PUE_TAM_TLA_VER,MEX,MEX
p178,nrn27,MEX,MEX,MEX,AGU_GUA_JAL_NAY_QUE_ZAC,,mexico,AGU_GUA_JAL_NAY_QUE_ZAC,MEX,MEX
p179,nrn27,MEX,MEX,MEX,AGU_GUA_JAL_NAY_QUE_ZAC,,mexico,AGU_GUA_JAL_NAY_QUE_ZAC,MEX,MEX
p180,nrn27,MEX,MEX,MEX,AGU_GUA_JAL_NAY_QUE_ZAC,,mexico,AGU_GUA_JAL_NAY_QUE_ZAC,MEX,MEX
p181,nrn27,MEX,MEX,MEX,SLP,,mexico,SLP,MEX,MEX
p182,nrn27,MEX,MEX,MEX,AGU_GUA_JAL_NAY_QUE_ZAC,,mexico,AGU_GUA_JAL_NAY_QUE_ZAC,MEX,MEX
p183,nrn27,MEX,MEX,MEX,COL,,mexico,COL,MEX,MEX
p184,nrn27,MEX,MEX,MEX,GRO_MIC,,mexico,GRO_MIC,MEX,MEX
p185,nrn27,MEX,MEX,MEX,GRO_MIC,,mexico,GRO_MIC,MEX,MEX
p186,nrn27,MEX,MEX,MEX,AGU_GUA_JAL_NAY_QUE_ZAC,,mexico,AGU_GUA_JAL_NAY_QUE_ZAC,MEX,MEX
p187,nrn27,MEX,MEX,MEX,DIF_HID_MEX_MOR_OAX_PUE_TAM_TLA_VER,,mexico,DIF_HID_MEX_MOR_OAX_PUE_TAM_TLA_VER,MEX,MEX
p188,nrn27,MEX,MEX,MEX,DIF_HID_MEX_MOR_OAX_PUE_TAM_TLA_VER,,mexico,DIF_HID_MEX_MOR_OAX_PUE_TAM_TLA_VER,MEX,MEX
p189,nrn27,MEX,MEX,MEX,DIF_HID_MEX_MOR_OAX_PUE_TAM_TLA_VER,,mexico,DIF_HID_MEX_MOR_OAX_PUE_TAM_TLA_VER,MEX,MEX
p190,nrn27,MEX,MEX,MEX,DIF_HID_MEX_MOR_OAX_PUE_TAM_TLA_VER,,mexico,DIF_HID_MEX_MOR_OAX_PUE_TAM_TLA_VER,MEX,MEX
p191,nrn27,MEX,MEX,MEX,GRO_MIC,,mexico,GRO_MIC,MEX,MEX
p192,nrn27,MEX,MEX,MEX,DIF_HID_MEX_MOR_OAX_PUE_TAM_TLA_VER,,mexico,DIF_HID_MEX_MOR_OAX_PUE_TAM_TLA_VER,MEX,MEX
p193,nrn27,MEX,MEX,MEX,DIF_HID_MEX_MOR_OAX_PUE_TAM_TLA_VER,,mexico,DIF_HID_MEX_MOR_OAX_PUE_TAM_TLA_VER,MEX,MEX
p194,nrn27,MEX,MEX,MEX,CAM_CHP_TAB,,mexico,CAM_CHP_TAB,MEX,MEX
p195,nrn27,MEX,MEX,MEX,CAM_CHP_TAB,,mexico,CAM_CHP_TAB,MEX,MEX
p196,nrn27,MEX,MEX,MEX,DIF_HID_MEX_MOR_OAX_PUE_TAM_TLA_VER,,mexico,DIF_HID_MEX_MOR_OAX_PUE_TAM_TLA_VER,MEX,MEX
p197,nrn27,MEX,MEX,MEX,CAM_CHP_TAB,,mexico,CAM_CHP_TAB,MEX,MEX
p198,nrn27,MEX,MEX,MEX,YUC,,mexico,YUC,MEX,MEX
p199,nrn27,MEX,MEX,MEX,ROO,,mexico,ROO,MEX,MEX
p200,nrn27,MEX,MEX,MEX,ROO,,mexico,ROO,MEX,MEX
p201,nrn27,MEX,MEX,MEX,BCN,,mexico,BCN,MEX,MEX
p202,nrn27,MEX,MEX,MEX,BCN,,mexico,BCN,MEX,MEX
p203,nrn27,MEX,MEX,MEX,BCN,,mexico,BCN,MEX,MEX
p204,nrn27,MEX,MEX,MEX,BCN,,mexico,BCN,MEX,MEX
p205,nrn27,MEX,MEX,MEX,BCS,,mexico,BCS,MEX,MEX
