county,population
p01001,60342
p01003,253507
p01005,24585
p01007,21868
p01009,59816
p01011,9897
p01013,18382
p01015,116429
p01017,34079
p01019,25666
p01021,46431
p01023,12252
p01025,22337
p01027,14111
p01029,15639
p01031,55643
p01033,58361
p01035,11174
p01037,10268
p01039,37952
p01041,13101
p01043,92016
p01045,49871
p01047,36165
p01049,72569
p01051,90441
p01053,36558
p01055,103241
p01057,15967
p01059,31802
p01061,26988
p01063,7341
p01065,14888
p01067,17899
p01069,108462
p01071,53467
p01073,662895
p01075,13661
p01077,96814
p01079,33502
p01081,183215
p01083,114654
p01085,9717
p01087,18370
p01089,412600
p01091,18684
p01093,29244
p01095,100756
p01097,411640
p01099,19229
p01101,224980
p01103,125133
p01105,7738
p01107,18688
p01109,33137
p01111,22786
p01113,58744
p01115,95552
p01117,233000
p01119,11727
p01121,81132
p01123,40677
p01125,237373
p01127,64728
p01129,15022
p01131,9944
p01133,23611
p02013,3461
p02016,5160
p02020,286075
p02050,18224
p02060,844
p02063,6769
p02066,2674
p02068,1584
p02070,4607
p02090,94840
p02100,2070
p02105,2262
p02110,31555
p02122,61223
p02130,13738
p02150,12565
p02158,8001
p02164,1331
p02170,115239
p02180,9763
p02185,10603
p02188,7361
p02195,3427
p02198,5696
p02220,8282
p02230,1095
p02240,7077
p02275,2064
p02282,687
p02290,5129
p04001,65036
p04003,124640
p04005,144472
p04007,54003
p04009,39525
p04011,9369
p04012,16710
p04013,4585871
p04015,223682
p04017,109175
p04019,1063162
p04021,484239
p04023,49158
p04025,249081
p04027,213221
p05001,16307
p05003,18262
p05005,42875
p05007,311013
p05009,38530
p05011,10104
p05013,4641
p05015,28814
p05017,9538
p05019,21274
p05021,14201
p05023,25445
p05025,7378
p05027,22150
p05029,21077
p05031,113993
p05033,61891
p05035,47139
p05037,16420
p05039,6185
p05041,10479
p05043,16945
p05045,129951
p05047,17468
p05049,12421
p05051,99784
p05053,18383
p05055,46743
p05057,19343
p05059,33258
p05061,12533
p05063,38320
p05065,14169
p05067,16784
p05069,63661
p05071,26129
p05073,6095
p05075,16318
p05077,8201
p05079,12898
p05081,11805
p05083,21400
p05085,75944
p05087,17775
p05089,17514
p05091,42415
p05093,38663
p05095,6512
p05097,8620
p05099,8120
p05101,7071
p05103,21793
p05105,10184
p05107,14961
p05109,10208
p05111,22397
p05113,19436
p05115,64593
p05117,8036
p05119,400009
p05121,18907
p05123,22101
p05125,129574
p05127,9851
p05129,7806
p05131,129098
p05133,15632
p05135,17968
p05137,12671
p05139,37397
p05141,16142
p05143,261549
p05145,78452
p05147,5964
p05149,20044
p06001,1622188
p06003,1141
p06005,41811
p06007,207172
p06009,46565
p06011,22037
p06013,1155025
p06015,26589
p06017,192215
p06019,1017162
p06021,28129
p06023,133985
p06025,179057
p06027,18527
p06029,913820
p06031,152682
p06033,67878
p06035,28861
p06037,9663345
p06039,162858
p06041,254407
p06043,16919
p06045,89108
p06047,291920
p06049,8500
p06051,13066
p06053,430723
p06055,133216
p06057,102037
p06059,3135755
p06061,423561
p06063,19131
p06065,2492442
p06067,1584288
p06069,68175
p06071,2195611
p06073,3269973
p06075,808988
p06077,800965
p06079,281639
p06081,726353
p06083,441257
p06085,1877592
p06087,261547
p06089,180366
p06091,3200
p06093,42905
p06095,449218
p06097,481812
p06099,551430
p06101,97948
p06103,64896
p06105,15670
p06107,479468
p06109,54204
p06111,829590
p06113,220544
p06115,85722
p08001,533365
p08003,16655
p08005,656061
p08007,14189
p08009,3344
p08011,5681
p08013,326831
p08014,76860
p08015,20617
p08017,1727
p08019,9147
p08021,7521
p08023,3628
p08025,5636
p08027,5534
p08029,31746
p08031,716577
p08033,2513
p08035,383906
p08037,54381
p08039,28806
p08041,744215
p08043,50318
p08045,62707
p08047,5926
p08049,15935
p08051,17321
p08053,765
p08055,7055
p08057,1309
p08059,576366
p08061,1384
p08063,6994
p08065,7365
p08067,56407
p08069,370771
p08071,14348
p08073,5480
p08075,20619
p08077,159681
p08079,944
p08081,13327
p08083,26531
p08085,44156
p08087,29524
p08089,18136
p08091,5176
p08093,18117
p08095,4476
p08097,16640
p08099,11751
p08101,169422
p08103,6569
p08105,11188
p08107,25064
p08109,6688
p08111,802
p08113,7868
p08115,2299
p08117,30465
p08119,24617
p08121,4855
p08123,359442
p08125,9862
p09110,975328
p09120,327651
p09130,176215
p09140,456128
p09150,96692
p09160,113463
p09170,568158
p09180,279634
p09190,623907
p10001,189789
p10003,578592
p10005,263509
p11001,678972
p12001,285994
p12003,28368
p12005,190769
p12007,27858
p12009,643979
p12011,1962531
p12013,13470
p12015,206134
p12017,166696
p12019,232439
p12021,404310
p12023,73063
p12027,35979
p12029,17465
p12031,1030822
p12033,326928
p12035,131439
p12037,12594
p12039,43833
p12041,19587
p12043,12786
p12045,15693
p12047,13471
p12049,25760
p12051,43333
p12053,212807
p12055,107614
p12057,1535564
p12059,19944
p12061,169795
p12063,48622
p12065,15450
p12067,8078
p12069,424462
p12071,834573
p12073,296913
p12075,46545
p12077,7706
p12079,18519
p12081,441095
p12083,409959
p12085,163315
p12086,2686867
p12087,80614
p12089,101501
p12091,218464
p12093,41427
p12095,1471416
p12097,437784
p12099,1533801
p12101,632996
p12103,961596
p12105,818330
p12107,75955
p12109,320110
p12111,373586
p12113,203162
p12115,469013
p12117,484271
p12119,151565
p12121,46130
p12123,21582
p12125,15532
p12127,590357
p12129,36449
p12131,86354
p12133,25602
p13001,18457
p13003,8293
p13005,11124
p13007,2743
p13009,43396
p13011,19789
p13013,92792
p13015,115041
p13017,17128
p13019,18570
p13021,156512
p13023,12465
p13025,18401
p13027,16245
p13029,49739
p13031,84327
p13033,24438
p13035,26887
p13037,5457
p13039,58118
p13043,11059
p13045,127098
p13047,68910
p13049,12934
p13051,303655
p13053,8661
p13055,25222
p13057,286602
p13059,129933
p13061,2853
p13063,298300
p13065,6746
p13067,776743
p13069,43317
p13071,46167
p13073,165162
p13075,17714
p13077,155892
p13079,12277
p13081,19631
p13083,16165
p13085,31732
p13087,29087
p13089,762992
p13091,19776
p13093,10981
p13095,82645
p13097,149160
p13099,10563
p13101,3709
p13103,71541
p13105,20013
p13107,23119
p13109,10754
p13111,25955
p13113,123351
p13115,100113
p13117,272887
p13119,24782
p13121,1079105
p13123,32860
p13125,2954
p13127,86172
p13129,59757
p13131,26066
p13133,20722
p13135,983526
p13137,48757
p13139,217267
p13141,8676
p13143,32038
p13145,36654
p13147,27556
p13149,12034
p13151,254613
p13153,171974
p13155,9120
p13157,88615
p13159,16455
p13161,14906
p13163,15183
p13165,8627
p13167,9282
p13169,28969
p13171,20401
p13173,10452
p13175,49941
p13177,33872
p13179,69210
p13181,7879
p13183,19594
p13185,120712
p13187,35258
p13189,21799
p13191,11501
p13193,11817
p13195,32191
p13197,7440
p13199,20931
p13201,5747
p13205,21114
p13207,30625
p13209,8761
p13211,21460
p13213,41035
p13215,201877
p13217,120135
p13219,44182
p13221,15754
p13223,183164
p13225,28805
p13227,35969
p13229,20425
p13231,20461
p13233,44223
p13235,10095
p13237,23129
p13239,2280
p13241,17442
p13243,6078
p13245,205414
p13247,95987
p13249,4526
p13251,14174
p13253,9092
p13255,69946
p13257,27228
p13259,4674
p13261,28890
p13263,5718
p13265,1609
p13267,24296
p13269,7758
p13271,10920
p13273,8718
p13275,45649
p13277,41554
p13279,27040
p13281,13035
p13283,6341
p13285,70742
p13287,8909
p13289,7691
p13291,27124
p13293,28263
p13295,69489
p13297,106702
p13299,36243
p13301,5106
p13303,19820
p13305,31373
p13307,2337
p13309,7081
p13311,29026
p13313,103687
p13315,8779
p13317,9518
p13319,8725
p13321,20273
p15001,207615
p15003,989408
p15005,81
p15007,73851
p15009,164183
p16001,524673
p16003,4903
p16005,90400
p16007,6766
p16009,10369
p16011,50395
p16013,25041
p16015,8517
p16017,52547
p16019,131366
p16021,13557
p16023,2758
p16025,1232
p16027,257674
p16029,7219
p16031,25696
p16033,801
p16035,9214
p16037,4523
p16039,29724
p16041,15494
p16043,14196
p16045,21071
p16047,16061
p16049,17890
p16051,34198
p16053,25479
p16055,185010
p16057,41301
p16059,8441
p16061,3739
p16063,5450
p16065,54547
p16067,22480
p16069,42987
p16071,4953
p16073,12722
p16075,27279
p16077,8253
p16079,14026
p16081,12549
p16083,95156
p16085,12644
p16087,11425
p17001,64441
p17003,4695
p17005,16450
p17007,53202
p17009,6294
p17011,32729
p17013,4317
p17015,15526
p17017,12596
p17019,205644
p17021,33228
p17023,15088
p17025,12999
p17027,36785
p17029,46060
p17031,5087072
p17033,18300
p17035,10261
p17037,100288
p17039,15365
p17041,19629
p17043,921213
p17045,16334
p17047,5968
p17049,34331
p17051,21164
p17053,13250
p17055,37138
p17057,32541
p17059,4670
p17061,11543
p17063,53578
p17065,7911
p17067,17186
p17069,3569
p17071,6088
p17073,48448
p17075,26136
p17077,52141
p17079,9144
p17081,36320
p17083,21091
p17085,21756
p17087,13326
p17089,514982
p17091,105940
p17093,139976
p17095,48411
p17097,708760
p17099,108309
p17101,14813
p17103,33654
p17105,35320
p17107,27590
p17109,26839
p17111,312800
p17113,170441
p17115,100591
p17117,44018
p17119,262752
p17121,36673
p17123,11683
p17125,12523
p17127,13661
p17129,11954
p17131,15487
p17133,34957
p17135,27663
p17137,32140
p17139,14342
p17141,51265
p17143,177513
p17145,20503
p17147,16714
p17149,14342
p17151,3707
p17153,4911
p17155,5561
p17157,29815
p17159,15488
p17161,141236
p17163,251018
p17165,22873
p17167,193491
p17169,6733
p17171,4710
p17173,20568
p17175,5218
p17177,43105
p17179,129541
p17181,16667
p17183,71652
p17185,10942
p17187,16185
p17189,13536
p17191,15761
p17193,13401
p17195,54498
p17197,700728
p17199,66706
p17201,280922
p17203,38285
p18001,36288
p18003,394545
p18005,84003
p18007,8729
p18009,11893
p18011,76120
p18013,15653
p18015,20525
p18017,37666
p18019,125467
p18021,26460
p18023,32730
p18025,10438
p18027,33656
p18029,51215
p18031,26399
p18033,44198
p18035,112321
p18037,43546
p18039,206409
p18041,23362
p18043,80809
p18045,16731
p18047,23096
p18049,20358
p18051,32904
p18053,66200
p18055,31196
p18057,371645
p18059,86166
p18061,40006
p18063,186387
p18065,48929
p18067,83831
p18069,36781
p18071,46460
p18073,33535
p18075,20032
p18077,33056
p18079,27622
p18081,167819
p18083,36070
p18085,80364
p18087,40907
p18089,500598
p18091,111706
p18093,45084
p18095,132504
p18097,968460
p18099,46352
p18101,9897
p18103,35402
p18105,139342
p18107,38573
p18109,73227
p18111,13960
p18113,47430
p18115,6004
p18117,19638
p18119,21532
p18121,16484
p18123,19209
p18125,12106
p18127,175335
p18129,25040
p18131,12385
p18133,37567
p18135,24216
p18137,29227
p18139,16847
p18141,272848
p18143,24657
p18145,45231
p18147,19910
p18149,23206
p18151,34917
p18153,20757
p18155,10019
p18157,188792
p18159,15256
p18161,6973
p18163,179810
p18165,15417
p18167,106153
p18169,30670
p18171,8518
p18173,65867
p18175,28205
p18177,66127
p18179,28555
p18181,24917
p18183,34742
p19001,7389
p19003,3544
p19005,14074
p19007,12119
p19009,5534
p19011,25796
p19013,130471
p19015,26590
p19017,25307
p19019,20691
p19021,20567
p19023,14172
p19025,9763
p19027,20522
p19029,13130
p19031,18302
p19033,42406
p19035,11605
p19037,11658
p19039,9588
p19041,16511
p19043,16969
p19045,46158
p19047,16013
p19049,111092
p19051,9169
p19053,7665
p19055,17600
p19057,38253
p19059,18056
p19061,98887
p19063,9229
p19065,19210
p19067,15326
p19069,9875
p19071,6458
p19073,8584
p19075,12384
p19077,10722
p19079,14729
p19081,10615
p19083,16463
p19085,14670
p19087,19547
p19089,9376
p19091,9500
p19093,6833
p19095,16381
p19097,19342
p19099,37919
p19101,15440
p19103,157528
p19105,20900
p19107,9914
p19109,14396
p19111,32565
p19113,228972
p19115,10513
p19117,8747
p19119,12324
p19121,16971
p19123,21874
p19125,33770
p19127,40014
p19129,14633
p19131,10518
p19133,8493
p19135,7504
p19137,10139
p19139,42218
p19141,14012
p19143,5978
p19145,15014
p19147,8810
p19149,25722
p19151,6976
p19153,505255
p19155,93179
p19157,18453
p19159,4642
p19161,9686
p19163,174270
p19165,11806
p19167,36246
p19169,98566
p19171,16833
p19173,5924
p19175,11906
p19177,7266
p19179,35166
p19181,55205
p19183,22560
p19185,6557
p19187,36485
p19189,10571
p19191,19815
p19193,105951
p19195,7297
p19197,12656
p20001,12412
p20003,7838
p20005,16016
p20007,4071
p20009,24899
p20011,14408
p20013,9250
p20015,68632
p20017,2579
p20019,3347
p20021,19054
p20023,2636
p20025,1847
p20027,8007
p20029,8854
p20031,8251
p20033,1655
p20035,34157
p20037,38764
p20039,2712
p20041,18445
p20043,7493
p20045,120553
p20047,2733
p20049,2467
p20051,28810
p20053,6357
p20055,37466
p20057,33980
p20059,26125
p20061,35047
p20063,2735
p20065,2376
p20067,7147
p20069,5743
p20071,1181
p20073,5870
p20075,2437
p20077,5435
p20079,33504
p20081,3630
p20083,1655
p20085,13368
p20087,18327
p20089,2847
p20091,622237
p20093,3823
p20095,7066
p20097,2374
p20099,19728
p20101,1529
p20103,83518
p20105,2920
p20107,9860
p20109,2665
p20111,32172
p20113,30091
p20115,11690
p20117,9933
p20119,3911
p20121,35320
p20123,5719
p20125,30568
p20127,5334
p20129,2580
p20131,10114
p20133,15420
p20135,2618
p20137,5330
p20139,15824
p20141,3427
p20143,5818
p20145,6126
p20147,4761
p20149,26382
p20151,9082
p20153,2463
p20155,61497
p20157,4627
p20159,9260
p20161,71402
p20163,4778
p20165,2830
p20167,6723
p20169,53098
p20171,4922
p20173,528469
p20175,21067
p20177,177746
p20179,2423
p20181,5844
p20183,3590
p20185,3909
p20187,1901
p20189,5077
p20191,22334
p20193,7865
p20195,2731
p20197,7057
p20199,1509
p20201,5504
p20203,2082
p20205,8382
p20207,3115
p20209,165281
p21001,19264
p21003,21788
p21005,24613
p21007,7582
p21009,45008
p21011,12975
p21013,23317
p21015,140496
p21017,20134
p21019,47826
p21021,30988
p21023,8426
p21025,12953
p21027,21124
p21029,84863
p21031,12375
p21033,12551
p21035,38280
p21037,93702
p21039,4704
p21041,10987
p21043,26366
p21045,15918
p21047,72032
p21049,37304
p21051,19648
p21053,9148
p21055,8974
p21057,6000
p21059,103458
p21061,12448
p21063,7245
p21065,13936
p21067,320154
p21069,15442
p21071,34423
p21073,51644
p21075,6338
p21077,8792
p21079,17829
p21081,25619
p21083,36461
p21085,26825
p21087,11468
p21089,35221
p21091,8920
p21093,112273
p21095,25324
p21097,19415
p21099,19724
p21101,44119
p21103,15973
p21105,4447
p21107,44929
p21109,13104
p21111,772144
p21113,55017
p21115,22116
p21117,171321
p21119,13659
p21121,29794
p21123,15303
p21125,63296
p21127,16000
p21129,7293
p21131,9864
p21133,20423
p21135,12973
p21137,24776
p21139,8892
p21141,28283
p21143,9187
p21145,67428
p21147,17050
p21149,9054
p21151,96735
p21153,11228
p21155,19834
p21157,31744
p21159,10928
p21161,16841
p21163,30131
p21165,6286
p21167,23097
p21169,10482
p21171,11306
p21173,28527
p21175,14283
p21177,30568
p21179,47730
p21181,7686
p21183,23626
p21185,70183
p21187,11313
p21189,4001
p21191,14810
p21193,27133
p21195,55973
p21197,12972
p21199,66191
p21201,2313
p21203,16190
p21205,24409
p21207,18279
p21209,60168
p21211,49515
p21213,20195
p21215,20531
p21217,26443
p21219,12494
p21221,14369
p21223,8607
p21225,13106
p21227,142229
p21229,12267
p21231,19580
p21233,12726
p21235,36825
p21237,6282
p21239,27268
p22001,56489
p22003,22112
p22005,131632
p22007,20160
p22009,38408
p22011,36827
p22013,12366
p22015,129795
p22017,226386
p22019,203761
p22021,9389
p22023,4768
p22025,8414
p22027,13670
p22029,17688
p22031,27114
p22033,448467
p22035,6829
p22037,19229
p22039,31754
p22041,19285
p22043,21911
p22045,67659
p22047,29617
p22049,14746
p22051,421777
p22053,31553
p22055,249750
p22057,95056
p22059,14800
p22061,47962
p22063,150145
p22065,9246
p22067,23955
p22069,36291
p22071,364136
p22073,157568
p22075,22386
p22077,20000
p22079,126260
p22081,7356
p22083,19712
p22085,21906
p22087,44463
p22089,50620
p22091,10774
p22093,19191
p22095,39592
p22097,81464
p22099,51057
p22101,47055
p22103,275583
p22105,138064
p22107,3764
p22109,103616
p22111,20650
p22113,56992
p22115,46250
p22117,44865
p22119,35238
p22121,28266
p22123,9323
p22125,15371
p22127,13216
p23001,113765
p23003,67351
p23005,310230
p23007,30828
p23009,56526
p23011,127259
p23013,40977
p23015,36507
p23017,59905
p23019,155312
p23021,17486
p23023,37513
p23025,51302
p23027,40620
p23029,31555
p23031,218586
p24001,67273
p24003,594582
p24005,844703
p24009,94728
p24011,33593
p24013,176639
p24015,105672
p24017,171973
p24019,32879
p24021,293391
p24023,28423
p24025,264644
p24027,336001
p24029,19303
p24031,1058474
p24033,947430
p24035,52508
p24037,115281
p24039,24910
p24041,37823
p24043,155813
p24045,104800
p24047,54171
p24510,565239
p25001,231735
p25003,126818
p25005,581841
p25007,20819
p25009,810089
p25011,70836
p25013,460291
p25015,162502
p25017,1623952
p25019,14444
p25021,727473
p25023,535308
p25025,768425
p25027,866866
p26001,10489
p26003,8757
p26005,121939
p26007,28904
p26009,24409
p26011,15145
p26013,8310
p26015,63808
p26017,102500
p26019,18441
p26021,152261
p26023,45215
p26025,133366
p26027,51642
p26029,26159
p26031,26048
p26033,36264
p26035,31316
p26037,79720
p26039,13538
p26041,36790
p26043,25982
p26045,108820
p26047,34123
p26049,401522
p26051,25853
p26053,14224
p26055,96421
p26057,41368
p26059,45587
p26061,37599
p26063,30927
p26065,284637
p26067,66262
p26069,25373
p26071,11740
p26073,64118
p26075,159424
p26077,262215
p26079,18490
p26081,661354
p26083,2172
p26085,12734
p26087,88977
p26089,23019
p26091,97520
p26093,196757
p26095,6435
p26097,10851
p26099,875101
p26101,25562
p26103,66999
p26105,29159
p26107,41099
p26109,22945
p26111,84039
p26113,15311
p26115,155045
p26117,68154
p26119,9678
p26121,176564
p26123,51108
p26125,1270426
p26127,26981
p26129,20990
p26131,5906
p26133,23330
p26135,8545
p26137,25747
p26139,303372
p26141,13285
p26143,23863
p26145,187782
p26147,159874
p26149,60878
p26151,40368
p26153,8149
p26155,68025
p26157,52826
p26159,75798
p26161,365536
p26163,1751169
p26165,34122
p27001,16102
p27003,372441
p27005,35283
p27007,46718
p27009,41600
p27011,5105
p27013,70006
p27015,25628
p27017,36825
p27019,111057
p27021,31446
p27023,12172
p27025,58535
p27027,66258
p27029,8644
p27031,5639
p27033,11319
p27035,68304
p27037,447440
p27039,21088
p27041,39953
p27043,13873
p27045,21522
p27047,30515
p27049,48035
p27051,6139
p27053,1258713
p27055,18582
p27057,22132
p27059,43182
p27061,45365
p27063,9919
p27065,16602
p27067,43813
p27069,4060
p27071,11751
p27073,6630
p27075,10855
p27077,3778
p27079,29255
p27081,5521
p27083,25427
p27085,36785
p27087,5280
p27089,8810
p27091,19657
p27093,23490
p27095,27427
p27097,34250
p27099,40058
p27101,8049
p27103,34242
p27105,21727
p27107,6329
p27109,164784
p27111,60626
p27113,13714
p27115,30197
p27117,9245
p27119,30412
p27121,11400
p27123,536075
p27125,3911
p27127,15288
p27129,14348
p27131,67948
p27133,9551
p27135,15252
p27137,200514
p27139,155814
p27141,102206
p27143,15084
p27145,160977
p27147,37421
p27149,9728
p27151,9719
p27153,25667
p27155,3136
p27157,21683
p27159,14241
p27161,18981
p27163,278936
p27165,11077
p27167,6306
p27169,49721
p27171,151150
p27173,9467
p28001,28746
p28003,34135
p28005,12442
p28007,17359
p28009,7438
p28011,28968
p28013,12685
p28015,9535
p28017,16866
p28019,8088
p28021,8617
p28023,15228
p28025,18206
p28027,20077
p28029,27664
p28031,18059
p28033,193247
p28035,78208
p28037,7610
p28039,25619
p28041,13601
p28043,21065
p28045,46159
p28047,210612
p28049,214870
p28051,15777
p28053,7216
p28055,1256
p28057,24093
p28059,146389
p28061,16013
p28063,6941
p28065,10969
p28067,66250
p28069,8584
p28071,58467
p28073,66217
p28075,70527
p28077,11741
p28079,21258
p28081,82799
p28083,26378
p28085,34702
p28087,57283
p28089,112511
p28091,24224
p28093,34123
p28095,33609
p28097,9600
p28099,28789
p28101,21019
p28103,9914
p28105,51203
p28107,32669
p28109,57978
p28111,11315
p28113,39394
p28115,31535
p28117,25135
p28119,5546
p28121,160417
p28123,27507
p28125,3336
p28127,25715
p28129,14099
p28131,18756
p28133,24468
p28135,11837
p28137,28261
p28139,21287
p28141,18507
p28143,9234
p28145,28284
p28147,13863
p28149,42298
p28151,41946
p28153,19703
p28155,9988
p28157,8058
p28159,17416
p28161,12386
p28163,25796
p29001,25122
p29003,18127
p29005,5107
p29007,24394
p29009,35265
p29011,11731
p29013,16242
p29015,20552
p29017,10544
p29019,189463
p29021,82956
p29023,41948
p29025,8955
p29027,44731
p29029,44044
p29031,82984
p29033,8391
p29035,5303
p29037,111732
p29039,14672
p29041,7399
p29043,94422
p29045,6641
p29047,259772
p29049,21548
p29051,77278
p29053,16947
p29055,22719
p29057,7716
p29059,17768
p29061,8551
p29063,9899
p29065,14647
p29067,12228
p29069,27032
p29071,106404
p29073,14705
p29075,6287
p29077,304611
p29079,9815
p29081,8220
p29083,22485
p29085,8718
p29087,4248
p29089,10101
p29091,40735
p29093,9440
p29095,718560
p29097,125056
p29099,231230
p29101,54962
p29103,3723
p29105,36680
p29107,33196
p29109,38872
p29111,9818
p29113,64699
p29115,11791
p29117,14557
p29119,23903
p29121,15161
p29123,12698
p29125,8430
p29127,28336
p29129,3469
p29131,25590
p29133,11822
p29135,15256
p29137,8698
p29139,11459
p29141,21970
p29143,15424
p29145,60677
p29147,20695
p29149,8720
p29151,13468
p29153,8970
p29155,14613
p29157,18950
p29159,43530
p29161,45284
p29163,17935
p29165,111940
p29167,32780
p29169,53812
p29171,4638
p29173,10489
p29175,24109
p29177,23182
p29179,5950
p29181,10806
p29183,416659
p29185,9752
p29186,18642
p29187,67058
p29189,987059
p29195,23049
p29197,4053
p29199,4676
p29201,37889
p29203,7238
p29205,5931
p29207,28397
p29209,32658
p29211,5797
p29213,56775
p29215,25619
p29217,19710
p29219,37806
p29221,23534
p29223,10811
p29225,41472
p29227,1907
p29229,19403
p29510,281754
p30001,9885
p30003,12751
p30005,6899
p30007,8032
p30009,11419
p30011,1418
p30013,84900
p30015,5847
p30017,11985
p30019,1633
p30021,8810
p30023,9673
p30025,2994
p30027,11772
p30029,113679
p30031,126409
p30033,1211
p30035,13609
p30037,835
p30039,3595
p30041,16276
p30043,13048
p30045,2093
p30047,33338
p30049,75011
p30051,1974
p30053,21895
p30055,1676
p30057,9521
p30059,2071
p30061,5090
p30063,121849
p30065,5308
p30067,17903
p30069,554
p30071,4249
p30073,6125
p30075,1743
p30077,7133
p30079,1112
p30081,47738
p30083,11173
p30085,10319
p30087,8160
p30089,13684
p30091,3498
p30093,36360
p30095,9173
p30097,3763
p30099,6430
p30101,5133
p30103,772
p30105,7474
p30107,2057
p30109,910
p30111,170843
p31001,30899
p31003,6302
p31005,412
p31007,674
p31009,436
p31011,5310
p31013,10692
p31015,1725
p31017,2853
p31019,50697
p31021,6727
p31023,8459
p31025,27446
p31027,8262
p31029,3724
p31031,5492
p31033,9541
p31035,6116
p31037,10566
p31039,8918
p31041,10581
p31043,21268
p31045,8133
p31047,24085
p31049,1871
p31051,5491
p31053,37187
p31055,589540
p31057,1561
p31059,5548
p31061,2825
p31063,2585
p31065,4556
p31067,21634
p31069,1794
p31071,1763
p31073,1847
p31075,565
p31077,2219
p31079,62197
p31081,9537
p31083,3045
p31085,846
p31087,2552
p31089,10093
p31091,679
p31093,6527
p31095,7054
p31097,5198
p31099,6770
p31101,8113
p31103,805
p31105,3289
p31107,8298
p31109,326716
p31111,33365
p31113,655
p31115,592
p31117,383
p31119,35627
p31121,7755
p31123,4504
p31125,3274
p31127,7076
p31129,4095
p31131,16335
p31133,2512
p31135,2795
p31137,9057
p31139,7299
p31141,34609
p31143,5228
p31145,10457
p31147,7689
p31149,1271
p31151,14555
p31153,199886
p31155,23463
p31157,35699
p31159,17671
p31161,4928
p31163,2983
p31165,1154
p31167,5856
p31169,4829
p31171,677
p31173,6557
p31175,4012
p31177,21152
p31179,9874
p31181,3351
p31183,775
p31185,14356
p32001,25803
p32003,2336573
p32005,49545
p32007,54293
p32009,736
p32011,1917
p32013,17136
p32015,5769
p32017,4452
p32019,62583
p32021,4528
p32023,55720
p32027,6364
p32029,4177
p32031,498022
p32033,8522
p32510,58036
p33001,65027
p33003,52448
p33005,77703
p33007,31372
p33009,93146
p33011,427354
p33013,157103
p33015,320689
p33017,133243
p33019,43969
p34001,275213
p34003,957736
p34005,469167
p34007,527196
p34009,94610
p34011,152326
p34013,851117
p34015,308423
p34017,705472
p34019,130183
p34021,381671
p34023,863623
p34025,642799
p34027,514423
p34029,659197
p34031,513395
p34033,65338
p34035,348842
p34037,146132
p34039,572726
p34041,111252
p35001,671586
p35003,3825
p35005,63561
p35006,26780
p35007,12255
p35009,47222
p35011,1657
p35013,225210
p35015,60275
p35017,27472
p35019,4292
p35021,624
p35023,3965
p35025,72101
p35027,20029
p35028,19444
p35029,25316
p35031,68797
p35033,4123
p35035,68835
p35037,8510
p35039,39876
p35041,18787
p35043,155936
p35045,120675
p35047,26668
p35049,155956
p35051,11488
p35053,15963
p35055,34405
p35057,15633
p35059,3964
p35061,79141
p36001,316659
p36003,46651
p36005,1356476
p36007,196077
p36009,75600
p36011,74485
p36013,124891
p36015,81325
p36017,45920
p36019,78115
p36021,60470
p36023,45752
p36025,44410
p36027,297150
p36029,946147
p36031,36775
p36033,46502
p36035,52234
p36037,57529
p36039,47062
p36041,5082
p36043,59484
p36045,114787
p36047,2561225
p36049,26548
p36051,61158
p36053,66921
p36055,748482
p36057,49368
p36059,1381715
p36061,1597451
p36063,209457
p36065,227555
p36067,467873
p36069,112494
p36071,407470
p36073,39124
p36075,118162
p36077,60126
p36079,98060
p36081,2252196
p36083,159305
p36085,490687
p36087,340807
p36089,106940
p36091,238711
p36093,159902
p36095,30105
p36097,17507
p36099,32349
p36101,92162
p36103,1523170
p36105,79920
p36107,47715
p36109,103558
p36111,182333
p36113,65380
p36115,60047
p36117,90829
p36119,990817
p36121,39532
p36123,24472
p37001,179165
p37003,36473
p37005,11342
p37007,21897
p37009,27063
p37011,17561
p37013,44481
p37015,16922
p37017,29484
p37019,159964
p37021,275901
p37023,88338
p37025,240016
p37027,80574
p37029,11137
p37031,69615
p37033,22807
p37035,164645
p37037,81624
p37039,29959
p37041,13891
p37043,11864
p37045,101378
p37047,50121
p37049,102391
p37051,337890
p37053,31593
p37055,38110
p37057,174804
p37059,44599
p37061,49520
p37063,336892
p37065,48832
p37067,392921
p37069,77001
p37071,237242
p37073,10343
p37075,8052
p37077,62192
p37079,20530
p37081,549866
p37083,47298
p37085,141477
p37087,62969
p37089,119230
p37091,19453
p37093,54446
p37095,4607
p37097,199710
p37099,44574
p37101,241955
p37103,9401
p37105,67059
p37107,54895
p37109,95675
p37111,44893
p37113,38412
p37115,22071
p37117,21447
p37119,1163701
p37121,14999
p37123,26085
p37125,106898
p37127,96551
p37129,238852
p37131,16715
p37133,213676
p37135,150626
p37137,12423
p37139,41444
p37141,68521
p37143,13377
p37145,39737
p37147,175119
p37149,20060
p37151,147458
p37153,42324
p37155,117365
p37157,92518
p37159,151661
p37161,65507
p37163,59601
p37165,34376
p37167,65699
p37169,45532
p37171,71462
p37173,13916
p37175,33549
p37177,3461
p37179,256452
p37181,42301
p37183,1190275
p37185,18836
p37187,10713
p37189,54748
p37191,118686
p37193,66013
p37195,78970
p37197,37774
p37199,18938
p38001,2163
p38003,10726
p38005,5745
p38007,1034
p38009,6349
p38011,2867
p38013,2134
p38015,100012
p38017,196362
p38019,3596
p38021,4900
p38023,2135
p38025,4019
p38027,2263
p38029,3224
p38031,3309
p38033,1743
p38035,72708
p38037,2215
p38039,2248
p38041,2415
p38043,2342
p38045,4096
p38047,1869
p38049,5131
p38051,2488
p38053,14252
p38055,9832
p38057,8309
p38059,33895
p38061,9383
p38063,2991
p38065,1879
p38067,6661
p38069,3902
p38071,11463
p38073,5603
p38075,2279
p38077,16558
p38079,11728
p38081,3776
p38083,1266
p38085,3643
p38087,674
p38089,33001
p38091,1782
p38093,21392
p38095,2030
p38097,7908
p38099,10305
p38101,68332
p38103,3876
p38105,39113
p39001,27521
p39003,100838
p39005,52190
p39007,96845
p39009,62706
p39011,46050
p39013,64918
p39015,43777
p39017,393043
p39019,26758
p39021,38845
p39023,134610
p39025,211972
p39027,41938
p39029,100182
p39031,36869
p39033,41529
p39035,1233088
p39037,51415
p39039,38315
p39041,231636
p39043,74035
p39045,165360
p39047,28817
p39049,1326063
p39051,42007
p39053,28986
p39055,95407
p39057,169691
p39059,38089
p39061,827058
p39063,74704
p39065,30368
p39067,14159
p39069,27520
p39071,43614
p39073,27540
p39075,44386
p39077,58199
p39079,32606
p39081,64026
p39083,63320
p39085,231640
p39087,56118
p39089,183201
p39091,46057
p39093,317910
p39095,425484
p39097,44602
p39099,225596
p39101,64851
p39103,184042
p39105,21767
p39107,42439
p39109,110876
p39111,13153
p39113,533796
p39115,13646
p39117,35595
p39119,86305
p39121,14311
p39123,39803
p39125,18706
p39127,35551
p39129,61086
p39131,27001
p39133,162665
p39135,40556
p39137,34199
p39139,125064
p39141,76501
p39143,58709
p39145,71969
p39147,54527
p39149,47765
p39151,372716
p39153,535733
p39155,200373
p39157,91874
p39159,69637
p39161,28704
p39163,12474
p39165,252148
p39167,58577
p39169,116510
p39171,36591
p39173,132650
p39175,21457
p40001,19627
p40003,5673
p40005,14525
p40007,5018
p40009,22042
p40011,8539
p40013,48967
p40015,26214
p40017,175829
p40019,48596
p40021,48185
p40023,14276
p40025,2191
p40027,301193
p40029,5266
p40031,121574
p40033,5427
p40035,14494
p40037,73332
p40039,28266
p40041,41703
p40043,4286
p40045,3648
p40047,62023
p40049,25865
p40051,57375
p40053,4083
p40055,5466
p40057,2392
p40059,3190
p40061,11832
p40063,13436
p40065,24669
p40067,5347
p40069,10216
p40071,43641
p40073,15481
p40075,8398
p40077,9526
p40079,49596
p40081,34562
p40083,53029
p40085,10296
p40087,47072
p40089,30660
p40091,19603
p40093,7581
p40095,15970
p40097,39889
p40099,13754
p40101,66677
p40103,10832
p40105,9438
p40107,11300
p40109,808866
p40111,37035
p40113,46130
p40115,30287
p40117,15864
p40119,83352
p40121,43479
p40123,38396
p40125,73791
p40127,10800
p40129,3295
p40131,100248
p40133,23565
p40135,40291
p40137,44014
p40139,20371
p40141,6869
p40143,682868
p40145,89280
p40147,53706
p40149,10736
p40151,8564
p40153,19947
p41001,16912
p41003,97713
p41005,423173
p41007,41102
p41009,53880
p41011,64212
p41013,26952
p41015,23296
p41017,208513
p41019,112435
p41021,2026
p41023,7215
p41025,7440
p41027,23745
p41029,220768
p41031,25454
p41033,87821
p41035,70003
p41037,8293
p41039,381181
p41041,50821
p41043,131496
p41045,32044
p41047,346741
p41049,12302
p41051,789698
p41053,89805
p41055,1951
p41057,27417
p41059,80053
p41061,25944
p41063,7674
p41065,26333
p41067,598865
p41069,1436
p41071,108644
p42001,106748
p42003,1224825
p42005,64074
p42007,165631
p42009,47350
p42011,432821
p42013,120273
p42015,59695
p42017,645984
p42019,198413
p42021,130668
p42023,4380
p42025,65458
p42027,157795
p42029,549784
p42031,36970
p42033,77090
p42035,37607
p42037,65439
p42039,82001
p42041,270738
p42043,289234
p42045,576720
p42047,30198
p42049,267571
p42051,123915
p42053,6449
p42055,157854
p42057,14468
p42059,34357
p42061,43514
p42063,83094
p42065,43612
p42067,23243
p42069,216123
p42071,558589
p42073,84472
p42075,144252
p42077,377754
p42079,327388
p42081,112724
p42083,39519
p42085,108503
p42087,45922
p42089,166053
p42091,868742
p42093,17860
p42095,319091
p42097,90120
p42099,46083
p42101,1550542
p42103,61247
p42105,15999
p42107,143786
p42109,39717
p42111,72197
p42113,5834
p42115,38109
p42117,40840
p42119,42042
p42121,49431
p42123,37572
p42125,210232
p42127,51262
p42129,351163
p42131,25902
p42133,464640
p44001,50255
p44003,171278
p44005,83832
p44007,660615
p44009,129982
p45001,24434
p45003,177130
p45005,7369
p45007,213076
p45009,12974
p45011,20447
p45013,198979
p45015,255217
p45017,14186
p45019,424367
p45021,56714
p45023,32226
p45025,44031
p45027,31004
p45029,38874
p45031,62416
p45033,27698
p45035,169833
p45037,27607
p45039,20422
p45041,137214
p45043,65731
p45045,558036
p45047,69460
p45049,18122
p45051,397478
p45053,33544
p45055,69905
p45057,108215
p45059,68873
p45061,15967
p45063,309528
p45065,9941
p45067,28508
p45069,25704
p45071,38825
p45073,81221
p45075,82820
p45077,135495
p45079,425138
p45081,19123
p45083,356698
p45085,104165
p45087,26629
p45089,29891
p45091,298320
p46003,2782
p46005,19591
p46007,3305
p46009,7065
p46011,35980
p46013,37733
p46015,5311
p46017,1884
p46019,10863
p46021,1340
p46023,9240
p46025,3948
p46027,15431
p46029,28971
p46031,3782
p46033,9117
p46035,19922
p46037,5451
p46039,4354
p46041,5208
p46043,2838
p46045,4057
p46047,7393
p46049,2151
p46051,7553
p46053,4018
p46055,1851
p46057,6451
p46059,3107
p46061,3471
p46063,1324
p46065,17624
p46067,7394
p46069,1186
p46071,2776
p46073,1660
p46075,855
p46077,5276
p46079,11031
p46081,28053
p46083,73238
p46085,3705
p46087,5809
p46089,2334
p46091,4390
p46093,30954
p46095,1851
p46097,2280
p46099,206930
p46101,6450
p46102,13434
p46103,115903
p46105,2834
p46107,2413
p46109,10206
p46111,2399
p46115,6166
p46117,3043
p46119,1494
p46121,9199
p46123,5621
p46125,9027
p46127,17183
p46129,5269
p46135,23517
p46137,2322
p47001,80234
p47003,53055
p47005,16103
p47007,15060
p47009,141456
p47011,111579
p47013,40223
p47015,15063
p47017,28860
p47019,57022
p47021,42254
p47023,17606
p47025,32654
p47027,7714
p47029,37404
p47031,60633
p47033,13982
p47035,64760
p47037,712334
p47039,11656
p47041,21225
p47043,56729
p47045,36498
p47047,44175
p47049,19696
p47051,44654
p47053,51045
p47055,30721
p47057,24681
p47059,72577
p47061,13955
p47063,66216
p47065,379864
p47067,6956
p47069,25567
p47071,27229
p47073,58600
p47075,17328
p47077,28070
p47079,32554
p47081,25826
p47083,8393
p47085,19209
p47087,12363
p47089,57838
p47091,18375
p47093,500669
p47095,6347
p47097,24610
p47099,46114
p47101,13066
p47103,36169
p47105,60591
p47107,55678
p47109,26163
p47111,26793
p47113,99193
p47115,29382
p47117,36961
p47119,110760
p47121,13691
p47123,48594
p47125,239872
p47127,6748
p47129,21573
p47131,30411
p47133,23327
p47135,8891
p47137,5128
p47139,18033
p47141,83844
p47143,33924
p47145,56096
p47147,76776
p47149,367101
p47151,22171
p47153,17161
p47155,99415
p47157,910042
p47159,20538
p47161,14222
p47163,162135
p47165,207994
p47167,62015
p47169,12271
p47171,17756
p47173,20741
p47175,6493
p47177,42638
p47179,138420
p47181,16066
p47183,33084
p47185,28692
p47187,264460
p47189,163674
p48001,57736
p48003,18664
p48005,87319
p48007,25374
p48009,9029
p48011,1832
p48013,51784
p48015,31677
p48017,6672
p48019,22637
p48021,110778
p48023,3463
p48025,30850
p48027,393193
p48029,2087679
p48031,13048
p48033,572
p48035,18996
p48037,91687
p48039,398938
p48041,244703
p48043,9513
p48045,1445
p48047,6848
p48049,38709
p48051,19475
p48053,53991
p48055,49859
p48057,19696
p48059,14374
p48061,426710
p48063,13000
p48065,5878
p48067,28659
p48069,7227
p48071,53876
p48073,52217
p48075,6788
p48077,10738
p48079,2509
p48081,3352
p48083,7842
p48085,1195359
p48087,2563
p48089,21117
p48091,193928
p48093,14050
p48095,3297
p48097,43782
p48099,84878
p48101,1294
p48103,4574
p48105,2858
p48107,4917
p48109,2196
p48111,7237
p48113,2606358
p48115,12004
p48117,18347
p48119,5520
p48121,1007703
p48123,19929
p48125,1711
p48127,8257
p48129,3214
p48131,9604
p48133,18037
p48135,164494
p48137,1393
p48139,222829
p48141,869880
p48143,44195
p48145,17286
p48147,37571
p48149,25474
p48151,3612
p48153,5090
p48155,1079
p48157,916778
p48159,10735
p48161,20441
p48163,17987
p48165,22523
p48167,361744
p48169,4517
p48171,27733
p48173,1141
p48175,7144
p48177,19930
p48179,20916
p48181,146907
p48183,126243
p48185,32384
p48187,188454
p48189,31761
p48191,2818
p48193,8619
p48195,5071
p48197,3490
p48199,58261
p48201,4835125
p48203,70895
p48205,5145
p48207,5385
p48209,280486
p48211,3189
p48213,86158
p48215,898471
p48217,38101
p48219,21460
p48221,67774
p48223,38172
p48225,22066
p48227,30554
p48229,3451
p48231,113347
p48233,20033
p48235,1549
p48237,8875
p48239,15221
p48241,32694
p48243,1856
p48245,251496
p48247,4720
p48249,38662
p48251,202906
p48253,20381
p48255,15018
p48257,185690
p48259,50537
p48261,343
p48263,734
p48265,53915
p48267,4442
p48269,217
p48271,3148
p48273,30069
p48275,3302
p48277,51127
p48279,12711
p48281,23262
p48283,6537
p48285,20571
p48287,18240
p48289,16538
p48291,108272
p48293,22250
p48295,2906
p48297,11584
p48299,22875
p48301,43
p48303,320940
p48305,5761
p48307,7452
p48309,268583
p48311,568
p48313,13742
p48315,9571
p48317,5216
p48319,3931
p48321,36359
p48323,57762
p48325,54797
p48327,1958
p48329,177108
p48331,25951
p48333,4548
p48335,9075
p48337,21598
p48339,711354
p48341,21190
p48343,12066
p48345,1020
p48347,65375
p48349,55635
p48351,12039
p48353,14306
p48355,352289
p48357,9704
p48359,1783
p48361,85722
p48363,29747
p48365,22838
p48367,173494
p48369,9617
p48371,14623
p48373,54186
p48375,114647
p48377,5795
p48379,12986
p48381,148255
p48383,3141
p48385,2854
p48387,11678
p48389,11770
p48391,6666
p48393,840
p48395,17267
p48397,131307
p48399,9868
p48401,53079
p48403,10106
p48405,7833
p48407,28936
p48409,70660
p48411,5845
p48413,2391
p48415,16212
p48417,3229
p48419,24179
p48421,2678
p48423,245209
p48425,9888
p48427,65934
p48429,9343
p48431,1397
p48433,1218
p48435,3221
p48437,6955
p48439,2182947
p48441,146836
p48443,687
p48445,11547
p48447,1526
p48449,31357
p48451,119057
p48453,1334961
p48455,14228
p48457,20382
p48459,43281
p48461,3109
p48463,24960
p48465,47720
p48467,64000
p48469,91664
p48471,81268
p48473,63553
p48475,10966
p48477,37007
p48479,269148
p48481,41739
p48483,4804
p48485,130180
p48487,12522
p48489,20037
p48491,697191
p48493,54183
p48495,7414
p48497,78097
p48499,47921
p48501,7468
p48503,18124
p48505,13736
p48507,9312
p49001,7233
p49003,62684
p49005,142393
p49007,20609
p49009,992
p49011,373207
p49013,20477
p49015,10144
p49017,5314
p49019,9706
p49021,64211
p49023,13023
p49025,8425
p49027,13437
p49029,13000
p49031,1550
p49033,2670
p49035,1185813
p49037,14358
p49039,30277
p49041,22344
p49043,42759
p49045,82051
p49047,37747
p49049,719174
p49051,37144
p49053,202452
p49055,2614
p49057,271926
p50001,37720
p50003,37183
p50005,30610
p50007,169481
p50009,6010
p50011,50994
p50013,7467
p50015,26060
p50017,29943
p50019,27516
p50021,60271
p50023,60142
p50025,45966
p50027,58101
p51001,33239
p51003,115676
p51005,14595
p51007,13480
p51009,31396
p51011,16864
p51013,234162
p51015,78247
p51017,4051
p51019,81525
p51021,6179
p51023,34125
p51025,15749
p51027,19087
p51029,16978
p51031,55270
p51033,32640
p51035,29239
p51036,6610
p51037,11336
p51041,383876
p51043,15466
p51045,4843
p51047,54973
p51049,9878
p51051,13640
p51053,28343
p51057,10598
p51059,1141878
p51061,75165
p51063,15679
p51065,28462
p51067,55549
p51069,95994
p51071,16457
p51073,40057
p51075,27197
p51077,15285
p51079,21301
p51081,11133
p51083,33432
p51085,114148
p51087,334760
p51089,49702
p51091,2339
p51093,40711
p51095,82654
p51097,6720
p51099,28568
p51101,19030
p51103,10859
p51105,21745
p51107,436347
p51109,41037
p51111,12038
p51113,14128
p51115,8514
p51117,30648
p51119,10924
p51121,98666
p51125,14705
p51127,26134
p51131,12021
p51133,12391
p51135,15566
p51137,38574
p51139,23741
p51141,17509
p51143,59571
p51145,32105
p51147,22049
p51149,42871
p51153,489640
p51155,33655
p51157,7414
p51159,9184
p51161,97026
p51163,22358
p51165,86568
p51167,25477
p51169,21433
p51171,45228
p51173,29216
p51175,17975
p51177,149588
p51179,165428
p51181,6593
p51183,10757
p51185,39120
p51187,41843
p51191,54050
p51193,19013
p51195,35174
p51197,28104
p51199,70952
p51510,155230
p51520,16807
p51530,6566
p51540,44983
p51550,253886
p51570,18393
p51580,5545
p51590,41837
p51595,5463
p51600,25144
p51610,14685
p51620,8339
p51630,28928
p51640,6717
p51650,137098
p51660,51082
p51670,22752
p51678,7528
p51680,79535
p51683,42696
p51685,16361
p51690,13763
p51700,183118
p51710,230930
p51720,3492
p51730,33309
p51735,12635
p51740,96793
p51750,16971
p51760,229247
p51770,97171
p51775,25600
p51790,25915
p51800,100659
p51810,453649
p51820,23182
p51830,15847
p51840,27617
p53001,20820
p53003,22549
p53005,215219
p53007,79997
p53009,77616
p53011,521150
p53013,4053
p53015,112864
p53017,44798
p53019,7497
p53021,99034
p53023,2363
p53025,102678
p53027,77290
p53029,86267
p53031,33714
p53033,2271380
p53035,277658
p53037,45508
p53039,23589
p53041,86154
p53043,11738
p53045,68389
p53047,43712
p53049,24200
p53051,14361
p53053,928696
p53055,18566
p53057,131417
p53059,12640
p53061,844761
p53063,551455
p53065,48837
p53067,299003
p53069,4765
p53071,61568
p53073,231919
p53075,48012
p53077,256643
p54001,15378
p54003,132440
p54005,20576
p54007,12162
p54009,21373
p54011,92082
p54013,5959
p54015,7783
p54017,7680
p54019,39072
p54021,7254
p54023,10921
p54025,32149
p54027,23649
p54029,28145
p54031,14251
p54033,64639
p54035,27593
p54037,59787
p54039,174805
p54041,16500
p54043,19701
p54045,30827
p54047,17439
p54049,55807
p54051,29405
p54053,24765
p54055,58057
p54057,26867
p54059,22023
p54061,107718
p54063,12382
p54065,17649
p54067,24169
p54069,41194
p54071,6029
p54073,7428
p54075,7765
p54077,34099
p54079,56962
p54081,72356
p54083,27350
p54085,8167
p54087,13743
p54089,11581
p54091,16388
p54093,6604
p54095,7919
p54097,23529
p54099,37686
p54101,8045
p54103,13890
p54105,5000
p54107,83052
p54109,20277
p55001,21449
p55003,16079
p55005,46833
p55007,16769
p55009,271417
p55011,13419
p55013,17092
p55015,53199
p55017,66970
p55019,34774
p55021,58091
p55023,15944
p55025,575347
p55027,88231
p55029,30562
p55031,44264
p55033,45794
p55035,107903
p55037,4682
p55039,103948
p55041,9325
p55043,51409
p55045,36951
p55047,19344
p55049,23956
p55051,6228
p55053,20855
p55055,85743
p55057,26594
p55059,167488
p55061,20690
p55063,120486
p55065,16945
p55067,19404
p55069,28405
p55071,81331
p55073,138612
p55075,42106
p55077,15838
p55078,4226
p55079,916205
p55081,46151
p55083,39775
p55085,38226
p55087,193234
p55089,93460
p55091,7441
p55093,43026
p55095,45762
p55097,71024
p55099,14102
p55101,196613
p55103,17197
p55105,164278
p55107,14143
p55109,96763
p55111,65920
p55113,18552
p55115,41109
p55117,117752
p55119,20058
p55121,30899
p55123,31170
p55125,23885
p55127,105822
p55129,16930
p55131,138168
p55133,412591
p55135,51388
p55137,24934
p55139,171735
p55141,73939
p56001,38257
p56003,12018
p56005,47498
p56007,14334
p56009,13809
p56011,7592
p56013,39815
p56015,12642
p56017,4661
p56019,8759
p56021,100984
p56023,20880
p56025,79941
p56027,2354
p56029,30735
p56031,8546
p56033,32519
p56035,8969
p56037,41249
p56039,23232
p56041,20745
p56043,7710
p56045,6808
