Year,Report<BR>State<BR>,Gas<BR>Field Code,Reservoir<BR>Code,Company<BR>Name,Field<BR>Name,Reservoir<BR>Name,Field<BR>Type,County<BR>Name,Region,Status,Base<BR>Gas,Working Gas<BR>Capacity(Mcf),Total Field<BR>Capacity(Mcf),Maximum Daily<BR>Delivery(Mcf)
2023,AK,374014,133,HILCORP ALASKA LLC,KENAI          ,STERLING POOL 6,Depleted Field,Kenai Peninsula,Alaska,Active,5967413,51717583,57684997,60000
2023,AK,117499,133,COOK INLET NATURAL GAS STORAGE,CANNERY LOOP   ,STERLING C,Depleted Field,Kenai Peninsula,Alaska,Active,6961981,10940258,17902240,149190
2023,AK,571967,283,HILCORP ALASKA LLC,PRETTY CREEK UN,BELUGA 51-5,Depleted Field,,Alaska,Active,447556,2297454,2745010,10940
2023,AK,691992,2,HILCORP ALASKA LLC,SWANSON RIVER  ,TYONEK 77-3,Depleted Field,Kenai Peninsula,Alaska,Active,600000,1700000,3400000,32400
2023,AK,691992,1,HILCORP ALASKA LLC,SWANSON RIVER  ,TYONEK 64-5,Depleted Field,Kenai Peninsula,Alaska,Active,220000,1260000,1860000,24300
2023,AL,460979,1,BAY GAS STORAGE COMPANY LTD,MCINTOSH SALT D,,Salt Dome,Washington,South Central Region,Active,8150000,21950000,30100000,2400000
2023,AL,189665,1,FREEBIRD GAS STORAGE LLC,EAST DETROIT ST,,Depleted Field,Lamar,South Central Region,Active,2300000,11200000,13500000,305000
2023,AR,424210,2,BLACK HILLS ENERGY CORP,LONE ELM       ,HENSON SAND,Depleted Field,Franklin,South Central Region,Active,8205450,6216250,14421700,70500
2023,AR,764509,5,BLACK HILLS ENERGY CORP,WHITE OAK      ,WOOLSEY SAND,Depleted Field,Franklin,South Central Region,Active,4872585,2678159,7550745,141925
2023,CA,572742,1,CENTRAL VALLEY GAS STORAGE LLC,PRINCETON GAS  ,PRINCETON GAS,Depleted Field,Colusa,Pacific Region,Active,1380000,11000000,12400000,300000
2023,CA,381385,2,LODI GAS STORAGE LLC,KIRBY HILLS    ,DOMENGINE,Depleted Field,Solano,Pacific Region,Active,2900000,4400000,7300000,50000
2023,CA,559845,5,SOUTHERN CALIFORNIA GAS COMPANY,PLAYA DEL REY  ,PUENTE,Depleted Field,Los Angeles,Pacific Region,Active,4461545,2400000,6861545,400000
2023,CA,10456,1,SOUTHERN CALIFORNIA GAS COMPANY,ALISO CANYON   ,SESNON-FREW,Depleted Field,Los Angeles,Pacific Region,Active,81525000,86200000,167725000,1860000
2023,CA,391270,2,SOUTHERN CALIFORNIA GAS COMPANY,LA GOLETA      ,VAQUEROS,Depleted Field,Santa Barbara,Pacific Region,Active,24589073,21500000,46089073,420000
2023,CA,427868,1,PACIFIC GAS AND ELECTRIC COMPANY,LOS MEDANOS    ,DOMENGINE,Depleted Field,Contra Costa,Pacific Region,Active,17366000,11773000,29139000,400000
2023,CA,559938,3,PACIFIC GAS AND ELECTRIC COMPANY,PLEASANT CREEK ,PETERS,Depleted Field,Yolo,Pacific Region,Active,5078500,2250000,7328500,70000
2023,CA,459290,2,PACIFIC GAS AND ELECTRIC COMPANY,MCDONALD ISLAND,MCDONALD,Depleted Field,San Joaquin,Pacific Region,Active,99492767,37075233,136568000,1680000
2023,CA,381416,2,LODI GAS STORAGE LLC,KIRBY HILLS    ,WAGENET,Depleted Field,Solano,Pacific Region,Active,1360000,11580000,12940000,200000
2023,CA,330773,3,SOUTHERN CALIFORNIA GAS COMPANY,HONOR RANCHO   ,WAYSIDE 13,Depleted Field,Los Angeles,Pacific Region,Active,20996949,27000000,47996949,1000000
2023,CA,422629,12,LODI GAS STORAGE LLC,LODI           ,DOMENGINE,Depleted Field,San Joaquin,Pacific Region,Active,3590000,7510000,11100000,250000
2023,CA,768136,2,WILD GOOSE GAS STORAGE LLC,WILD GOOSE     ,L4,Depleted Field,Butte,Pacific Region,Active,11000000,75000000,86000000,950000
2023,CA,272572,1,GILL RANCH STORAGE LLC,GILL RANCH     ,STARKEY,Depleted Field,Madera,Pacific Region,Active,3543307,20000000,23500000,650000
2023,CA,422629,1,LODI GAS STORAGE LLC,LODI           ,MIDLAND,Depleted Field,San Joaquin,Pacific Region,Active,4420000,4680000,9100000,250000
2023,CO,616060,4,PUBLIC SERVICE COMPANY OF COLORADO,ROUNDUP        ,J-SAND,Depleted Field,Morgan,Mountain Region,Active,2983707,6029784,16080524,21960
2023,CO,259068,3,PUBLIC SERVICE COMPANY OF COLORADO,FRUITA         ,BUCKHORN,Depleted Field,Mesa,Mountain Region,Active,38104,257614,320340,2200
2023,CO,27088,2,PUBLIC SERVICE COMPANY OF COLORADO,ASBURY         ,DAKOTA,Depleted Field,Mesa,Mountain Region,Active,1224036,3261546,4593268,9091
2023,CO,548072,1,EAST CHEYENNE GAS STORAGE LLC,WEST PEETZ,LEWI,Depleted Field,Logan,Mountain Region,Active,11830070,22500000,34600000,350000
2023,CO,243676,2,COLORADO INTERSTATE GAS COMPANY,FLANK          ,MORROW AND CHER,Depleted Field,Baca,Mountain Region,Active,11437542,7713000,19150542,164104
2023,CO,714029,1,COLORADO INTERSTATE GAS COMPANY,TOTEM STORAGE  ,J SAND,Depleted Field,Adams,Mountain Region,Active,3700000,7000000,10700000,200000
2023,CO,403515,4,COLORADO INTERSTATE GAS COMPANY,LATIGO         ,DAKOTA J,Depleted Field,Arapahoe,Mountain Region,Active,12282766,9350000,21632766,139240
2023,CO,787893,5,COLORADO INTERSTATE GAS COMPANY,YOUNG          ,DAKOTA D SAND,Depleted Field,Morgan,Mountain Region,Active,4955540,5990049,10945589,250000
2023,CO,250574,3,COLORADO INTERSTATE GAS COMPANY,FORT MORGAN    ,DAKOTA D,Depleted Field,Morgan,Mountain Region,Active,6361982,8496000,14858000,450000
2023,CO,776236,1,BLACK HILLS ENERGY CORP,WOLF CREEK     ,COZETTE,Depleted Field,Pitkin,Mountain Region,Active,6165315,2360895,8526210,30000
2023,IA,375936,12,NATURAL GAS PIPELINE CO OF AMERICA,KEOTA          ,ST. PETER,Aquifer,Washington,Midwest Region,Active,3186000,2814000,6000000,100000
2023,IA,592506,4,NORTHERN NATURAL GAS COMPANY,REDFIELD       ,ST. PETER ELGIN,Aquifer,Dallas,Midwest Region,Active,91351000,42399000,133750000,666300
2023,IA,155321,17,NATURAL GAS PIPELINE CO OF AMERICA,COLUMBUS CITY  ,GALESVILLE MT.,Aquifer,Louisa,Midwest Region,Active,37700000,16685000,54400193,175000
2023,IA,112376,16,NATURAL GAS PIPELINE CO OF AMERICA,CAIRO          ,GALESVILLE MT.,Aquifer,Louisa,Midwest Region,Active,65644427,28415000,94059427,378000
2023,IL,331052,6,AMEREN ILLINOIS,HOOKDALE       ,BENOIST,Depleted Field,Coles,Midwest Region,Active,312106,715000,1027106,30000
2023,IL,323394,5,AMEREN ILLINOIS,HILLSBORO      ,ST. PETER,Aquifer,St. Clair,Midwest Region,Active,22061709,7600000,29661709,125000
2023,IL,213408,2,AMEREN ILLINOIS,EDEN           ,CYPRESS,Depleted Field,Coles,Midwest Region,Active,1013351,390000,1403351,8000
2023,IL,256635,3,AMEREN ILLINOIS,FREEBURG       ,CYPRESS,Depleted Field,Coles,Midwest Region,Active,5035776,1900000,6935776,35000
2023,IL,647599,7,AMEREN ILLINOIS,SHANGHAI       ,GALESVILLE,Aquifer,Logan,Midwest Region,Active,9996636,2100000,12096636,80000
2023,IL,362541,6,AMEREN ILLINOIS,JOHNSTON CITY  ,TAR SPRINGS,Depleted Field,Williamson,Midwest Region,Active,998721,745927,1744648,10000
2023,IL,639732,5,AMEREN ILLINOIS,SCIOTA         ,MT SIMON,Aquifer,Mcdonough,Midwest Region,Active,4919415,500000,5419415,8000
2023,IL,28049,3,AMEREN ILLINOIS,ASHMORE        ,PENNSYLVANIAN,Depleted Field,Coles,Midwest Region,Active,2597688,1128835,3726523,20000
2023,IL,414351,2,AMEREN ILLINOIS,LINCOLN STORAGE,NIAGARIAN,Aquifer,Logan,Midwest Region,Active,8276245,4158784,12435029,70000
2023,IL,275192,1,AMEREN ILLINOIS,GLASFORD STORAG,NIAGARIAN,Aquifer,Coles,Midwest Region,Active,9421224,4013699,13434923,120000
2023,IL,318751,18,NATURAL GAS PIPELINE CO OF AMERICA,HERSCHER       ,GAILSVILLE  MT,Aquifer,Kankakee,Midwest Region,Active,77550000,36950000,114500000,1280000
2023,IL,624627,1,ENABLE MISSISSIPPI RIVER TRANSM CORP,ST JACOB       ,ST PETER,Aquifer,Madison,Midwest Region,Active,2760000,1540000,4300000,40000
2023,IL,9843,1,PEOPLES GAS LIGHT AND COKE COMPANY,MANLOVE FIELD (,,Aquifer,Champaign,Midwest Region,Active,146704412,38755881,184000000,800000
2023,IL,752720,5,SOUTHWEST GAS STORAGE COMPANY,WAVERLY        ,ST. PETER,Aquifer,Morgan,Midwest Region,Active,46620081,4479919,51100000,70000
2023,IL,475690,1,EGYPTIAN GAS STORAGE CORPORATION,MILLS          ,TAR SPRINGS,Depleted Field,Gallatin,Midwest Region,Active,150000,925000,1075000,5000
2023,IL,565100,4,NICOR,PONTIAC        ,MT. SIMON,Aquifer,Livingston,Midwest Region,Active,39244000,3720000,42964000,100000
2023,IL,336757,5,NICOR,HUDSON         ,MT. SIMON,Aquifer,Mclean,Midwest Region,Active,36604000,10250000,46854000,175000
2023,IL,546894,2,NICOR,PECATONICA     ,MT SIMON,Aquifer,Winnebago,Midwest Region,Active,1866000,1720000,3586000,75000
2023,IL,395393,7,NICOR,LAKE BLOOMINGTO,MT. SIMON,Aquifer,Mclean,Midwest Region,Active,41638000,8400000,50038000,150000
2023,IL,12886,6,NICOR,ANCONA         ,MT SIMON,Aquifer,Livingston,Midwest Region,Active,113026000,60900000,173926000,850000
2023,IL,565100,3,NICOR,PONTIAC        ,GALESVILLE,Aquifer,Livingston,Midwest Region,Active,10537000,8500000,19037000,200000
2023,IL,718974,8,NICOR,TROY GROVE     ,MT SIMON,Aquifer,La Salle,Midwest Region,Active,31976000,48000000,79976000,1100000
2023,IL,708099,8,AMEREN ILLINOIS,TILDEN         ,CYPRESS,Depleted Field,St. Clair,Midwest Region,Active,1872615,870000,2742615,50000
2023,IL,130287,1,AMEREN ILLINOIS,CENTRALIA      ,PETRO,Depleted Field,Marion,Midwest Region,Active,611231,143000,754231,14000
2023,IL,412560,1,NICOR,LEXINGTON      ,MT. SIMON,Aquifer,Mclean,Midwest Region,Active,43935000,8250000,52185000,150000
2023,IL,159227,8,NATURAL GAS PIPELINE CO OF AMERICA,COOKS MILLS    ,CYPRESS  ROSICL,Depleted Field,Douglas,Midwest Region,Active,1800000,4950000,6750000,150000
2023,IL,428984,14,NATURAL GAS PIPELINE CO OF AMERICA,LOUDON         ,DEVONIAN,Depleted Field,Fayette,Midwest Region,Active,40000000,40000000,80000000,510000
2023,IN,523975,6,CENTERPOINT ENERGY,OLIVER         ,SEBREE,Depleted Field,Posey,Midwest Region,Active,70688,40219,110907,8000
2023,IN,481899,7,CENTERPOINT ENERGY,MONROE CITY    ,STAUNTON,Depleted Field,Knox,Midwest Region,Active,147330,9729,157059,4000
2023,IN,481899,4,CENTERPOINT ENERGY,MONROE CITY    ,MANSFIELD,Depleted Field,Knox,Midwest Region,Active,2278398,2900738,5179136,28000
2023,IN,523975,5,CENTERPOINT ENERGY,OLIVER         ,STAUNTON,Depleted Field,Posey,Midwest Region,Active,1434150,1187656,2621806,37000
2023,IN,472745,3,CENTERPOINT ENERGY,MIDWAY         ,TAR SPRINGS,Depleted Field,Spencer,Midwest Region,Active,1665140,1218396,2883536,32000
2023,IN,632,1,NORTHERN INDIANA PUBLIC SVC  C,GRASS CREEK    ,MT SIMON,Aquifer,Fulton,Midwest Region,Active,15890913,1989138,17880050,42500
2023,IN,617083,1,NORTHERN INDIANA PUBLIC SVC  C,ROYAL CENTER   ,TRENTON,Aquifer,Cass,Midwest Region,Active,10620525,5183027,15803552,100000
2023,IN,3886,9,INDIANA GAS COMPANY DBA VECTREN,HINDUSTAN      ,MUSCATATUCK,Depleted Field,Monroe,Midwest Region,Active,2313059,826093,3139152,8000
2023,IN,643615,2,INDIANA GAS COMPANY DBA VECTREN,SELLERSBURG    ,KNOX,Aquifer,Clark,Midwest Region,Active,125047,73660,198707,7000
2023,IN,776143,8,INDIANA GAS COMPANY DBA VECTREN,WOLCOTT        ,TRENTON,Aquifer,Clark,Midwest Region,Active,6484154,1140086,7624240,50000
2023,IN,728572,5,INDIANA GAS COMPANY DBA VECTREN,UNIONVILLE     ,MUSCATATUCK,Depleted Field,Monroe,Midwest Region,Active,9113880,4773937,13887817,90000
2023,IN,9557,1,TEXAS GAS TRANSMISSION CORPORATION,ALFORD         ,CYPRESS,Depleted Field,Pike,Midwest Region,Active,1600000,918753,2518753,16900
2023,IN,408220,6,TEXAS GAS TRANSMISSION CORPORATION,LEESVILLE      ,GENEVA,Aquifer,Lawrence,Midwest Region,Active,2006924,1793076,3800000,17500
2023,IN,768942,10,TEXAS GAS TRANSMISSION CORPORATION,WILFRED        ,GENEVA,Aquifer,Sullivan,Midwest Region,Active,2806083,1981883,4787966,40000
2023,IN,517999,8,TEXAS GAS TRANSMISSION CORPORATION,OAKTOWN        ,STANTON,Depleted Field,Knox,Midwest Region,Active,750000,301852,1051852,6000
2023,IN,335454,2,CITIZENS ENERGY GROUP,HOWESVILLE     ,DEVONIAN,Aquifer,Greene,Midwest Region,Active,3200000,1050000,4250000,40000
2023,IN,779801,7,CITIZENS ENERGY GROUP,WORTHINGTON    ,DEVONIAN,Aquifer,Greene,Midwest Region,Active,9684000,3516000,13200000,67500
2023,IN,657104,5,CITIZENS ENERGY GROUP,SIMPSON CHAPEL ,DEVONIAN,Aquifer,Greene,Midwest Region,Active,1800000,400000,2200000,8500
2023,IN,193998,1,CITIZENS ENERGY GROUP,DIXON          ,DEVONIAN,Aquifer,Greene,Midwest Region,Active,1911000,869000,2780000,38500
2023,IN,693201,6,CITIZENS ENERGY GROUP,SWITZ CITY     ,DEVONIAN,Aquifer,Greene,Midwest Region,Active,4778000,857000,5635000,38500
2023,IN,476691,4,CITIZENS ENERGY GROUP,MINERAL CITY   ,DEVONIAN,Aquifer,Greene,Midwest Region,Active,1683000,400000,2083000,12000
2023,KS,154639,3,SOUTHERN STAR CENTRAL GAS PIPELINE,COLONY         ,COLONY,Depleted Field,Anderson,South Central Region,Active,8100000,4600000,12700000,149000
2023,KS,8441,1,SOUTHERN STAR CENTRAL GAS PIPELINE,ALDEN          ,MISENER,Depleted Field,Rice,South Central Region,Active,10500000,4200000,14700000,134000
2023,KS,436364,3,NORTHERN NATURAL GAS COMPANY,LYONS          ,ARBUCKLE,Depleted Field,Rice,South Central Region,Active,16000000,8000000,24000000,130000
2023,KS,77715,1,COLORADO INTERSTATE GAS COMPANY,BOEHM          ,MORROW G AND KE,Depleted Field,Morton,South Central Region,Active,11415330,5229000,12729000,124321
2023,KS,81683,1,SOUTHWEST GAS STORAGE COMPANY,BORCHERS NORTH ,MORROW,Depleted Field,Meade,South Central Region,Active,35081226,28372187,63453413,350000
2023,KS,558155,7,SOUTHERN STAR CENTRAL GAS PIPELINE,PIQUA          ,COLONY,Depleted Field,Woodson,South Central Region,Active,2900000,300000,3200000,16000
2023,KS,101276,2,CHEROKEE WELLS LLC,BUFFALO        ,BUFFALO,Depleted Field,Wilson,South Central Region,Active,93359,180000,360000,3000
2023,KS,256542,1,CHEROKEE WELLS LLC,FREDONIA       ,CHERRYVALE,Depleted Field,Wilson,South Central Region,Active,160000,160000,360000,3000
2023,KS,1505,3,MID CONTINENT MARKET CENTER,KONOLD         ,LANGDON SAND,Depleted Field,Pratt,South Central Region,Active,363018,696198,1059216,10000
2023,KS,90720,1,MID CONTINENT MARKET CENTER,BREHM          ,SIMPSON,Depleted Field,Pratt,South Central Region,Active,1895670,1989320,3884990,35000
2023,KS,756526,9,SOUTHERN STAR CENTRAL GAS PIPELINE,NORTH WELDA    ,COLONY,Depleted Field,Anderson,South Central Region,Active,8900000,4400000,13300000,107000
2023,KS,413390,3,ATMOS ENERGY CORPORATION,LIBERTY NORTH  ,SQUIRREL,Depleted Field,Montgomery,South Central Region,Active,2300000,3239000,5539000,45000
2023,KS,462049,6,SOUTHERN STAR CENTRAL GAS PIPELINE,MCLOUTH        ,MCLOUTH,Depleted Field,Jefferson,South Central Region,Active,11900000,2200000,14100000,224000
2023,KS,219074,5,SOUTHERN STAR CENTRAL GAS PIPELINE,ELK CITY       ,BURGESS,Depleted Field,Elk,South Central Region,Active,21500000,11800000,33300000,269000
2023,KS,756557,10,SOUTHERN STAR CENTRAL GAS PIPELINE,SOUTH WELDA    ,COLONY,Depleted Field,Anderson,South Central Region,Active,11600000,6700000,18300000,156000
2023,KS,174542,1,NORTHERN NATURAL GAS COMPANY,CUNNINGHAM     ,VIOLA SIMPSON,Depleted Field,Pratt,South Central Region,Active,21084000,40916000,62000000,755000
2023,KY,493184,7,LOUISVILLE GAS AND ELECTRIC COMPANY,MULDRAUGH      ,MULDRAUGH,Depleted Field,Meade,Midwest Region,Active,1450000,3150000,4600000,195000
2023,KY,440775,6,LOUISVILLE GAS AND ELECTRIC COMPANY,MAGNOLIA UPPER ,MAGNOLIA UPPER,Depleted Field,Hart,Midwest Region,Active,2460000,3540000,6000000,60000
2023,KY,440775,9,LOUISVILLE GAS AND ELECTRIC COMPANY,MAGNOLIA DEEP  ,MAGNOLIA DEEP,Depleted Field,Hart,Midwest Region,Active,2370000,2030000,4400000,42512
2023,KY,660441,2,CENTURY ALUMINUM SEBREE,EAST SLAUGHTERS,PENNSYLVANIA,Aquifer,Hopkins,Midwest Region,Active,138000,629000,767000,3000
2023,KY,129264,4,LOUISVILLE GAS AND ELECTRIC COMPANY,CENTER         ,CENTER,Depleted Field,Metcalfe,Midwest Region,Active,2720000,2380000,5100000,30000
2023,KY,4841,1,CITY OF ELIZABETHTOWN NATURAL GAS,CECILIA STORAGE,LEGO,Aquifer,Hardin,Midwest Region,Active,990000,2010000,3000000,10000
2023,KY,15820,1,ATMOS ENERGY CORPORATION,EAST DIAMOND   ,BETHEL SANDSTON,Depleted Field,Hopkins,Midwest Region,Active,1640000,2160000,3800000,30000
2023,KY,4833,2,DELTA NATURAL GAS COMPANY INC,CANADA MOUNTAIN,119-G 34-21-1 3,Aquifer,Bell,Midwest Region,Active,2200000,2600000,4800000,30500
2023,KY,5569,1,DELTA NATURAL GAS COMPANY INC,KETTLE ISLAND  ,PIONEER # 1 2 4,Depleted Field,Bell,Midwest Region,Active,13102,0,1406000,2000
2023,KY,381788,7,ATMOS ENERGY CORPORATION,KIRKWOOD       ,MISSISSIPPIAN,Depleted Field,Hopkins,Midwest Region,Active,400000,249638,649638,12000
2023,KY,320852,6,ATMOS ENERGY CORPORATION,HICKORY        ,MISSISSIPPIAN,Depleted Field,Daviess,Midwest Region,Active,850000,499257,1349257,20000
2023,KY,79544,3,ATMOS ENERGY CORPORATION,BON HARBOR     ,MISSISSIPPIAN,Depleted Field,Daviess,Midwest Region,Active,1300000,778600,2078600,17000
2023,KY,673074,9,ATMOS ENERGY CORPORATION,ST  CHARLES    ,MISSISSIPPIAN,Depleted Field,Hopkins,Midwest Region,Active,3422283,2685196,6107479,44600
2023,KY,40094,6,ATMOS ENERGY CORPORATION,BARNSLEY       ,BETHEL,Depleted Field,Hopkins,Midwest Region,Active,1600000,1278900,2878900,30000
2023,KY,193812,2,TEXAS GAS TRANSMISSION CORPORATION,DIXIE          ,ABERDEEN,Depleted Field,Henderson,Midwest Region,Active,4681925,3005075,7687000,40400
2023,KY,303692,5,TEXAS GAS TRANSMISSION CORPORATION,HANSON         ,TAR SPRINGS,Depleted Field,Hopkins,Midwest Region,Active,6500000,5587322,12087322,156000
2023,KY,283842,3,TEXAS GAS TRANSMISSION CORPORATION,GRAHAM LAKE    ,TAR SPRINGS,Depleted Field,Muhlenberg,Midwest Region,Active,2500000,1300000,3800000,23000
2023,KY,289732,4,TEXAS GAS TRANSMISSION CORPORATION,WEST GREENVILLE,BETHEL RES,Depleted Field,Muhlenberg,Midwest Region,Active,4115559,4184441,8300000,85000
2023,KY,472280,7,TEXAS GAS TRANSMISSION CORPORATION,MIDLAND        ,BETHEL,Depleted Field,Muhlenberg,Midwest Region,Active,71140853,65182677,136323530,1030000
2023,KY,284927,5,ATMOS ENERGY CORPORATION,GRANDVIEW      ,MISSISSIPPIAN,Depleted Field,Daviess,Midwest Region,Active,350000,305400,655400,4500
2023,LA,557070,1,PINE PRAIRIE ENERGY CENTER LLC,PINE PRAIRIE   ,PINE PRAIRIE SA,Salt Dome,Evangeline,South Central Region,Active,18063954,56000000,71800000,3200000
2023,LA,498736,2,BRIDGELINE HOLDINGS LP,NAPOLEON       ,NS-1,Salt Dome,Ascension,South Central Region,Active,2928578,6026824,8955402,500000
2023,LA,750240,3,TRANSCONTINENTAL GAS PIPELINE COMPAN,WASHINGTON     ,COCKFIELD D SAN,Depleted Field,St. Landry,South Central Region,Active,45000098,75000000,120000098,790000
2023,LA,226762,1,TRUNKLINE GAS COMPANY,EPPS           ,MONROE GAS ROCK,Depleted Field,,South Central Region,Active,29850557,13000000,43000000,150000
2023,LA,66895,1,GULF SOUTH PIPELINE,BISTINEAU GAS S,PETTIT,Depleted Field,Bienville,South Central Region,Active,68795000,85745000,141000000,1200000
2023,LA,215648,1,EGAN HUB PARTNERS LP,EGAN STORAGE DO,N A,Salt Dome,Acadia,South Central Region,Active,10518759,20140000,31020000,2500000
2023,LA,356843,1,JEFFERSON ISLAND STORAGE AND HUB LLC,JEFFERSON ISLAN,AMERICAN ELECTR,Salt Dome,Iberia,South Central Region,Active,2035001,5733000,7768000,720000
2023,LA,728572,3,ENABLE MISSISSIPPI RIVER TRANSM CORP,WEST UNIONVILLE,VAUGHN,Depleted Field,Lincoln,South Central Region,Active,11250365,11465506,25000000,190000
2023,LA,728634,2,ENABLE MISSISSIPPI RIVER TRANSM CORP,EAST UNIONVILLE,VAUGHN,Depleted Field,Lincoln,South Central Region,Active,19100000,36100000,55200000,490000
2023,LA,551461,1,PERRYVILLE GAS STORAGE LLC,PERRYVILLE     ,CROWVILLE,Salt Dome,Franklin,South Central Region,Active,4806230,12100000,17000000,641000
2023,LA,45581,1,BOARDWALK STORAGE COMPANY LLC,BOARDWALK STORA,BAYOU CHOCTAW W,Salt Dome,Iberville,South Central Region,Active,3328045,7600000,11800000,550000
2023,LA,284214,1,PONTCHARTRAIN NATURAL GAS SYSTEM,GRAND BAYOU    ,NAPOLEONVILLE,Salt Dome,Assumption,South Central Region,Active,1002571,1600000,2600000,225000
2023,LA,48643,1,ARCADIA GAS STORAGE LLC,ARCADIA        ,ARCADIA SALT DO,Salt Dome,Bienville,South Central Region,Active,4238875,13800000,18100000,900000
2023,LA,620502,4,ENABLE GAS TRANSMISSION LLC,RUSTON         ,JAMES,Depleted Field,Lincoln,South Central Region,Active,3000000,4000000,7000000,70000
2023,LA,48643,12,BEAR CREEK STORAGE COMPANY,BEAR CREEK     ,PETIT,Depleted Field,Bienville,South Central Region,Active,48700000,59200000,107900000,900000
2023,LA,566216,121,BOBCAT GAS STORAGE,PORT BARRE SALT,PORT BARRE SALT,Salt Dome,St. Landry,South Central Region,Active,9560000,28700000,38260000,2000000
2023,LA,666331,3,BRIDGELINE HOLDINGS LP,SORRENTO       ,UNDERGROUND STO,Salt Dome,Ascension,South Central Region,Active,2391484,2540469,4931953,240000
2023,LA,111849,1,CADEVILLE GAS STORAGE,CADEVILLE      ,JAMES SAND,Depleted Field,Ouachita,South Central Region,Active,4743083,17000000,21800000,250000
2023,MD,2210,1,TEXAS EASTERN TRANSMISSION LP,ACCIDENT       ,ORISKANY,Depleted Field,Garrett,East Region,Active,45677463,18300000,64000000,400000
2023,MI,586964,4,ANR STORAGE COMPANY,RAPID RIVER 35 ,RAPID RIVER 35,Depleted Field,Kalkaska,Midwest Region,Active,2276000,15051000,17327000,250000
2023,MI,11467,3,SEMCO ENERGY GAS COMPANY,LEE 11         ,WATSON O`DELL,Depleted Field,Calhoun,Midwest Region,Active,340186,623889,964075,16000
2023,MI,9849,2,SEMCO ENERGY GAS COMPANY,MARYSVILLE STOR,MORTON #16 MORT,Salt Dome,St. Clair,Midwest Region,Active,1599918,1982988,3582906,60000
2023,MI,153988,1,SEMCO ENERGY GAS COMPANY,COLLINS FIELD  ,COLLINS FIELD,Depleted Field,St. Clair,Midwest Region,Active,891931,1457400,2349331,21000
2023,MI,3265,4,SEMCO ENERGY GAS COMPANY,LEE 2          ,HARRIS 1-2,Depleted Field,Calhoun,Midwest Region,Active,252633,620723,873355,18000
2023,MI,393525,1,SEMCO ENERGY GAS COMPANY,LACEY STORAGE  ,LACEY SALT CAVE,Salt Dome,Barry,Midwest Region,Active,74751,177725,252476,25000
2023,MI,2399,1,EATON RAPIDS GAS STORAGE SYSTEM,EATON RAPIDS   ,EATON RAPIDS,Depleted Field,Ingham,Midwest Region,Active,3250000,12984000,16234000,160000
2023,MI,252434,1,CONSUMERS ENERGY COMPANY,FOUR CORNERS   ,SALINA NIAGARAN,Depleted Field,St. Clair,Midwest Region,Active,1365814,2348414,3714228,45000
2023,MI,691651,11,CONSUMERS ENERGY COMPANY,SWAN CREEK     ,SALINA NIAGARAN,Depleted Field,St. Clair,Midwest Region,Active,225998,412692,638690,13000
2023,MI,588018,9,CONSUMERS ENERGY COMPANY,RAY            ,SALINA NIAGARAN,Depleted Field,Macomb,Midwest Region,Active,16965572,47263060,64228632,1555000
2023,MI,410204,4,CONSUMERS ENERGY COMPANY,LENOX          ,SALINA NIAGARAN,Depleted Field,Macomb,Midwest Region,Active,1989765,1179120,3168885,230000
2023,MI,625030,10,CONSUMERS ENERGY COMPANY,SALEM          ,A-2 CARBONATE,Depleted Field,Allegan,Midwest Region,Active,18571140,11398160,29969300,120000
2023,MI,575943,8,CONSUMERS ENERGY COMPANY,PUTTYGUT       ,SALINA NIAGARAN,Depleted Field,St. Clair,Midwest Region,Active,5011260,9334700,14345960,350000
2023,MI,603992,1,CONSUMERS ENERGY COMPANY,RIVERSIDE      ,MICHIGAN STRAY,Depleted Field,Missaukee,Midwest Region,Active,7369500,1473900,8843400,10000
2023,MI,774212,3,CONSUMERS ENERGY COMPANY,WINTERFIELD    ,MICHIGAN STRAY,Depleted Field,Clare,Midwest Region,Active,46182200,24859780,71041980,240000
2023,MI,168233,2,CONSUMERS ENERGY COMPANY,CRANBERRY LAKE ,MICHIGAN STRAY,Depleted Field,Clare,Midwest Region,Active,16900720,10808600,27709320,110000
2023,MI,12798,999,CONSUMERS ENERGY COMPANY,LYON 29        ,NIAGARAN REEF,Depleted Field,Oakland,Midwest Region,Active,933470,1208598,2142068,250000
2023,MI,3533,7,WASHINGTON 10 STORAGE CORPORATION,WASHINGTON 10 C,NIAGARAN GUELPH,Depleted Field,Macomb,Midwest Region,Active,16172785,93588934,109761619,1497821
2023,MI,335361,2,SOUTHWEST GAS STORAGE COMPANY,HOWELL         ,GUELPH,Depleted Field,Livingston,Midwest Region,Active,13414224,17685776,31100000,410000
2023,MI,231792,3,ANR STORAGE COMPANY,EXCELSIOR 6    ,EXCELSIOR 6,Depleted Field,Kalkaska,Midwest Region,Active,1500000,10810000,12310000,200000
2023,MI,152035,1,ANR STORAGE COMPANY,COLD SPRINGS 12,COLD SPRINGS 12,Depleted Field,Kalkaska,Midwest Region,Active,3627000,25257000,28884000,300000
2023,MI,9713,2,ANR STORAGE COMPANY,COLD SPRINGS 31,COLD SPRINGS 31,Depleted Field,Kalkaska,Midwest Region,Active,747000,5000000,5747000,200000
2023,MI,3269,1,LEE 8 STORAGE PARTNERSHIP,LEE 8          ,NIAGARAN,Depleted Field,Calhoun,Midwest Region,Active,604000,3114613,3718613,50000
2023,MI,531485,7,CONSUMERS ENERGY COMPANY,OVERISEL       ,A-2 CARBONATE,Depleted Field,Allegan,Midwest Region,Active,29478000,22599800,52077800,250000
2023,MI,155538,3,MICHIGAN CONSOLIDATED GAS COMPANY,BELLE RIVER    ,NIAGARAN,Depleted Field,St. Clair,Midwest Region,Active,19760407,59647902,79408309,2175000
2023,MI,759647,5,MICHIGAN CONSOLIDATED GAS COMPANY,WEST COLUMBUS  ,NIAGARAN_GUELPH,Depleted Field,St. Clair,Midwest Region,Active,4375932,22376927,26752859,1300000
2023,MI,19045,2,MICHIGAN CONSOLIDATED GAS COMPANY,TAGGART        ,MICHIGAN STRAY,Depleted Field,Mecosta,Midwest Region,Active,33254188,39781203,73035391,700000
2023,MI,155290,4,MICHIGAN CONSOLIDATED GAS COMPANY,COLUMBUS       ,NIAGARAN-GUELPH,Depleted Field,St. Clair,Midwest Region,Active,4704127,16171059,20875186,450000
2023,MI,112562,1,MICHIGAN GAS UTILITIES CORPORATION,PARTELLO       ,CAL-LEE,Depleted Field,Calhoun,Midwest Region,Active,3368000,3904000,7272000,40000
2023,MI,773189,15,ANR PIPELINE COMPANY,WINFIELD       ,MICHIGAN STRAY,Depleted Field,Mecosta,Midwest Region,Active,7574645,1900000,10429068,100000
2023,MI,427279,10,ANR PIPELINE COMPANY,LOREED         ,MICHIGAN STRAY,Depleted Field,Osceola,Midwest Region,Active,22810000,19000000,42210000,860000
2023,MI,12343,1,ANR PIPELINE COMPANY,SOUTH CHESTER 1,SALINA A-1,Depleted Field,Otsego,Midwest Region,Active,4855000,14600000,19455000,212000
2023,MI,280385,8,ANR PIPELINE COMPANY,GOODWELL       ,MICHIGAN STRAY,Depleted Field,Newaygo,Midwest Region,Active,11746325,21300000,31696237,400000
2023,MI,593157,14,ANR PIPELINE COMPANY,REED CITY      ,REED CITY DOLOM,Depleted Field,Osceola,Midwest Region,Active,13411921,15200000,28911921,312000
2023,MI,17649,2,ANR PIPELINE COMPANY,CENTRAL CHARLTO,SALINA A-1,Depleted Field,Otsego,Midwest Region,Active,4900000,14100000,19000000,220000
2023,MI,256790,7,ANR PIPELINE COMPANY,LINCOLN-FREEMAN,MICHIGAN STRAY,Depleted Field,Clare,Midwest Region,Active,19223000,18500000,35722869,400000
2023,MI,495943,11,ANR PIPELINE COMPANY,MUTTONVILLE    ,SALINA A-1,Depleted Field,Macomb,Midwest Region,Active,5213697,8200000,13413697,450000
2023,MI,30901,3,ANR PIPELINE COMPANY,AUSTIN         ,MICHIGAN STRAY,Depleted Field,Mecosta,Midwest Region,Active,16068209,7000000,23083675,864000
2023,MI,19961,1,ANR PIPELINE COMPANY,COLD SPRINGS 1 ,COLD SPRINGS 1,Depleted Field,Kalkaska,Midwest Region,Active,4500000,15330000,19830000,200000
2023,MI,319123,2,CONSUMERS ENERGY COMPANY,HESSEN         ,NIAGARAN,Depleted Field,St. Clair,Midwest Region,Active,4399100,12282500,16681600,300000
2023,MI,347913,3,CONSUMERS ENERGY COMPANY,IRA            ,SALINA NIAGARAN,Depleted Field,St. Clair,Midwest Region,Active,4176050,1965200,6141250,450000
2023,MI,513052,6,CONSUMERS ENERGY COMPANY,NORTHVILLE     ,SALINA NIAGARAN,Depleted Field,Washtenaw,Midwest Region,Active,1354023,1179120,2533143,250000
2023,MI,76158,1,BLUEWATER GAS STORAGE LLC,BLUEWATER GAS S,COLUMBUS III,Depleted Field,St. Clair,Midwest Region,Active,7105747,27625283,34510000,600000
2023,MI,2836,1,BLUE LAKE STORAGE COMPANY,BLUE LAKE 18-A ,BLUE LAKE 18-A,Depleted Field,Kalkaska,Midwest Region,Active,7033000,47086000,54119000,700000
2023,MN,751666,1,CENTERPOINT ENERGY,WATERVILLE     ,MT  SIMON A,Aquifer,Waseca,Midwest Region,Active,4848000,2000000,7000000,50000
2023,MO,2175,2,SPIRE INC,FLORISSANT     ,ST. PETER SANDS,Aquifer,St. Louis,Midwest Region,Active,10189000,3656000,13845000,380000
2023,MS,16408,1,ATMOS ENERGY CORPORATION - MISSISSIP,AMORY          ,CARTER SANDSTON,Depleted Field,Monroe,South Central Region,Active,856976,994603,1851579,25000
2023,MS,280509,2,ATMOS ENERGY CORPORATION - MISSISSIP,GOODWIN        ,EVANS SANDSTONE,Depleted Field,Monroe,South Central Region,Active,1585941,912968,2498909,6000
2023,MS,19038,1,MISSISSIPPI HUB LLC,BOND SALT DOME ,,Salt Dome,Simpson,South Central Region,Active,9334632,23221849,32556701,1200000
2023,MS,252942,1,MONROE GAS STORAGE COMPANY LLC,FOUR MILE CREEK,CARTER B SANDST,Depleted Field,Monroe,South Central Region,Active,11460731,6700000,19000000,236920
2023,MS,504167,1,LEAF RIVER ENERGY CENTER LLC,NEW HOME DOME  ,,Salt Dome,,South Central Region,Active,8804200,29405600,38209800,1425000
2023,MS,122082,87,CALEDONIA ENERGY PARTNERS LLC,CALEDONIA      ,CARTER,Depleted Field,Lowndes,South Central Region,Active,4700000,18500000,23200000,550000
2023,MS,551938,1,GULF SOUTH PIPELINE,PETAL          ,PETAL,Salt Dome,Forrest,South Central Region,Active,13427666,29629000,46008000,2495000
2023,MS,353006,2,GULF SOUTH PIPELINE,JACKSON GAS STO,SELMA CHALK,Depleted Field,Rankin,South Central Region,Active,1926000,5803077,7729077,303000
2023,MS,223786,1,TRANSCONTINENTAL GAS PIPELINE COMPAN,EMINENCE       ,EMINENCE SALT D,Salt Dome,Covington,South Central Region,Active,4977000,10048000,15025000,1198068
2023,MS,16660,1,SG RESOURCES MISSISSIPPI LLC,SOUTHERN PINES ,BYRD SALT DOME,Salt Dome,Greene,South Central Region,Active,6629954,40000000,51200000,2400000
2023,MS,492967,1,SOUTHERN NATURAL GAS COMPANY,MULDON         ,CHESTER GAS POO,Depleted Field,Monroe,South Central Region,Active,56820000,36000000,92820000,750000
2023,MT,127745,2,WBI ENERGY TRANSMISSION INC,BAKER          ,JUDITH RIVER,Depleted Field,Fallon,Mountain Region,Active,122773000,164427000,287200000,154815
2023,MT,84938,1,NORTHWESTERN ENERGY,BOX ELDER      ,EAGLE,Depleted Field,Blaine,Mountain Region,Active,5723051,1500000,9100000,10000
2023,MT,150516,2,NORTHWESTERN ENERGY,COBB           ,MOULTON,Depleted Field,Toole,Mountain Region,Active,31139351,11750000,42100000,150000
2023,MT,203602,3,NORTHWESTERN ENERGY,DRY CREEK      ,FRONTIER GREYBU,Depleted Field,Carbon,Mountain Region,Active,21507356,19800000,37825000,40000
2023,NE,340291,3,TALLGRASS INTERSTATE GAS TRANSMISSIO,HUNTSMAN       ,THIRD DAKOTA J,Depleted Field,Cheyenne,Mountain Region,Active,22196878,12653122,34850000,210000
2023,NM,284090,1,ENSTOR GRAMA RIDGE STORAGE &  TRANSP,GRAMA RIDGE    ,MORROW,Depleted Field,Lea,Mountain Region,Active,4800000,15700000,20499993,200000
2023,NM,750376,1,EL PASO NATURAL GAS COMPANY,WASHINGTON RANC,MORROW,Depleted Field,Eddy,Mountain Region,Active,24562128,44038000,68600000,250000
2023,NY,289918,2,COLUMBIA GAS TRANSMISSION LLC,GREENWOOD      ,ORISKANY,Depleted Field,Steuben,East Region,Active,3221000,104000,3325000,0
2023,NY,206160,33,COLUMBIA GAS TRANSMISSION LLC,DUNDEE         ,ORISKANY,Depleted Field,,East Region,Active,7243000,4117000,11360000,62400
2023,NY,777445,13,EASTERN GAS TRANSMISSION AND STORAGE,WOODHULL       ,ORISKANY,Depleted Field,Steuben,East Region,Active,15307000,20597000,35904000,357000
2023,NY,19155,1,EASTERN GAS TRANSMISSION AND STORAGE,QUINLAN        ,ONONDOGA REEF,Depleted Field,Cattaraugus,East Region,Active,3000000,4000000,7900000,300000
2023,NY,330612,1,HONEOYE STORAGE CORPORATION,HONEOYE        ,HONEOYE,Depleted Field,Ontario,East Region,Active,4714221,6769470,11450000,70000
2023,NY,722702,28,NATIONAL FUEL GAS SUPPLY CORPORATION,TUSCARORA STORA,ORISKANY,Depleted Field,Steuben,East Region,Active,2586000,3800000,6386000,58000
2023,NY,51746,33,NATIONAL FUEL GAS SUPPLY CORPORATION,WEST INDEPENDEN,ORISKANY,Depleted Field,Allegany,East Region,Active,4500000,7300000,11800000,53000
2023,NY,154050,5,NATIONAL FUEL GAS SUPPLY CORPORATION,COLLINS STORAGE,MEDINA,Depleted Field,Erie,East Region,Active,3830000,2850000,6680000,50000
2023,NY,449045,20,NATIONAL FUEL GAS SUPPLY CORPORATION,NASHVILLE STORA,MEDINA,Depleted Field,,East Region,Active,5050000,3930000,8980000,110000
2023,NY,189262,8,NATIONAL FUEL GAS SUPPLY CORPORATION,DERBY STORAGE  ,MEDINA,Depleted Field,Erie,East Region,Active,218723,250000,470000,5000
2023,NY,327673,15,NATIONAL FUEL GAS SUPPLY CORPORATION,HOLLAND STORAGE,MEDINA,Depleted Field,Erie,East Region,Active,1570000,1100000,2670000,35000
2023,NY,792603,31,NATIONAL FUEL GAS SUPPLY CORPORATION,ZOAR STORAGE   ,ONONDAGA,Depleted Field,Erie,East Region,Active,1650000,600000,2250000,51000
2023,NY,11014,16,NATIONAL FUEL GAS SUPPLY CORPORATION,LIMESTONE STORA,ORISKANY,Depleted Field,Cattaraugus,East Region,Active,7000000,2000000,9000000,37000
2023,NY,650885,24,NATIONAL FUEL GAS SUPPLY CORPORATION,SHERIDAN STORAG,MEDINA,Depleted Field,Chautauqua,East Region,Active,3310000,1100000,4410000,25000
2023,NY,551296,22,NATIONAL FUEL GAS SUPPLY CORPORATION,PERRYSBURG STOR,MEDINA,Depleted Field,Cattaraugus,East Region,Active,3200000,1850000,5050000,60000
2023,NY,1981,32,NATIONAL FUEL GAS SUPPLY CORPORATION,BEECH HILL STOR,ORISKANY,Depleted Field,Allegany,East Region,Active,13100000,9900000,23000000,66000
2023,NY,56021,2,NATIONAL FUEL GAS SUPPLY CORPORATION,BENNINGTON STOR,MEDINA,Depleted Field,,East Region,Active,3330000,1800000,5130000,75300
2023,NY,405654,18,NATIONAL FUEL GAS SUPPLY CORPORATION,LAWTONS STORAGE,MEDINA,Depleted Field,Erie,East Region,Active,1880000,970000,2850000,33000
2023,NY,344921,34,NATIONAL FUEL GAS SUPPLY CORPORATION,EAST INDEPENDEN,ORISKANY,Depleted Field,Allegany,East Region,Active,4200000,2200000,6400000,38000
2023,NY,152221,4,NATIONAL FUEL GAS SUPPLY CORPORATION,COLDEN STORAGE ,MEDINA,Depleted Field,Erie,East Region,Active,11170000,7550000,18720000,120000
2023,NY,704906,1,ARLINGTON GAS STORAGE COMPANY LLC,THOMAS CORNERS ,THOMAS CORNERS,Depleted Field,Steuben,East Region,Active,3000000,7000000,10000000,140000
2023,NY,644398,1,ARLINGTON GAS STORAGE COMPANY LLC,SENECA LAKE STO,SENECA LAKE STO,Salt Dome,Schuyler,East Region,Active,890000,1450000,2340000,145000
2023,NY,285277,31,COLUMBIA GAS TRANSMISSION LLC,NORTH GREENWOOD,ORISKANY,Depleted Field,Steuben,East Region,Active,1825000,1375000,3200000,5400
2023,NY,4504,1,ARLINGTON GAS STORAGE COMPANY LLC,ADRIAN         ,ADRIAN,Depleted Field,Steuben,East Region,Active,2500000,6500000,9000000,60000
2023,NY,675523,1,STAGECOACH PIPELINE & STORAGE CO LLC,STAGECOACH     ,WIDELL BARNHART,Depleted Field,Tioga,East Region,Active,5000000,22550000,27550000,500000
2023,NY,780973,1,WYCKOFF GAS STORAGE,WYCKOFF        ,ONONDAGA,Depleted Field,Steuben,East Region,Active,3529000,3437000,6966000,400000
2023,OH,757270,7,COLUMBIA GAS TRANSMISSION LLC,WELLINGTON     ,CLINTON,Depleted Field,,East Region,Active,14164850,8935000,23099850,153900
2023,OH,550800,1,NGO TRANSMISSION INC,PERRY STORAGE  ,CLINTON SANDS,Depleted Field,Perry,East Region,Active,1719000,1081000,2800000,18000
2023,OH,790229,3,NGO TRANSMISSION INC,ZANE STORAGE   ,CLINTON SANDS,Depleted Field,Muskingum,East Region,Active,992000,1155000,2147000,12000
2023,OH,2010,2,NGO TRANSMISSION INC,MUSKIE STORAGE ,CLINTON SANDS,Depleted Field,Muskingum,East Region,Active,574000,350000,924000,4000
2023,OH,544080,6,COLUMBIA GAS TRANSMISSION LLC,PAVONIA        ,CLINTON,Depleted Field,,East Region,Active,24919000,24581000,49500000,284700
2023,OH,293778,50,COLUMBIA GAS TRANSMISSION LLC,GUERNSEY       ,ORISKANY,Depleted Field,,East Region,Active,3720000,3580000,7300000,35000
2023,OH,456438,36,COLUMBIA GAS TRANSMISSION LLC,MCARTHUR       ,CLINTON,Depleted Field,Vinton,East Region,Active,5562087,5337913,10900000,75900
2023,OH,465281,37,COLUMBIA GAS TRANSMISSION LLC,MEDINA         ,CLINTON,Depleted Field,Medina,East Region,Active,4665000,5735000,10400000,70500
2023,OH,432062,22,COLUMBIA GAS TRANSMISSION LLC,LUCAS          ,CLINTON,Depleted Field,,East Region,Active,34893488,25506512,60400000,408900
2023,OH,168884,13,COLUMBIA GAS TRANSMISSION LLC,CRAWFORD       ,CLINTON,Depleted Field,,East Region,Active,47750000,31353000,79103000,294800
2023,OH,427155,32,COLUMBIA GAS TRANSMISSION LLC,LORAIN         ,CLINTON,Depleted Field,Lorain,East Region,Active,7320000,3380000,10700000,62200
2023,OH,329130,24,COLUMBIA GAS TRANSMISSION LLC,HOLMES         ,CLINTON,Depleted Field,,East Region,Active,10800000,10900000,21700000,67600
2023,OH,404104,26,COLUMBIA GAS TRANSMISSION LLC,LAUREL         ,CLINTON,Depleted Field,Hocking,East Region,Active,15415000,7885000,23300000,168600
2023,OH,92363,5,COLUMBIA GAS TRANSMISSION LLC,BRINKER        ,2ND BEREA,Depleted Field,COLUMBIANA,East Region,Active,4470000,3180000,7650000,42300
2023,OH,752906,48,COLUMBIA GAS TRANSMISSION LLC,WAYNE          ,CLINTON,Depleted Field,,East Region,Active,9140000,8260000,17400000,108800
2023,OH,56548,39,COLUMBIA GAS TRANSMISSION LLC,BENTON         ,CLINTON,Depleted Field,,East Region,Active,16567000,8533000,25100000,145100
2023,OH,753860,49,COLUMBIA GAS TRANSMISSION LLC,WEAVER         ,CLINTON,Depleted Field,,East Region,Active,23151833,27348167,50500000,177300
2023,OH,677011,5,DOMINION ENERGY OHIO,STARK-SUMMIT   ,CLINTON,Depleted Field,Stark,East Region,Active,93387556,59400000,152787556,2134000
2023,OH,139789,2,DOMINION ENERGY OHIO,CHIPPEWA       ,CLINTON,Depleted Field,Wayne,East Region,Active,9105000,3730000,12835000,546000
2023,OH,262457,4,DOMINION ENERGY OHIO,GABOR WERTZ    ,CLINTON,Depleted Field,Wayne,East Region,Active,3355000,1020000,4375000,108000
2023,OK,636469,15,NATURAL GAS PIPELINE CO OF AMERICA,SAYRE          ,PANHANDLE - DOL,Depleted Field,Beckham,South Central Region,Active,28173000,62227000,90400000,667000
2023,OK,685505,1,ENABLE OKLAHOMA INTRASTATE TRANSMISS,STUART STORAGE ,HARTSHORNE SAND,Depleted Field,Hughes,South Central Region,Active,5589718,6000000,12000000,200000
2023,OK,287314,1,ENABLE OKLAHOMA INTRASTATE TRANSMISS,WETUMKA        ,CHANNEL BOCH SA,Depleted Field,Hughes,South Central Region,Active,7746710,18000000,26000000,450000
2023,OK,331765,1,SOUTHWEST GAS STORAGE COMPANY,NORTH HOPETON  ,HUNTON,Depleted Field,Woods,South Central Region,Active,14600000,3500000,18100000,50000
2023,OK,753953,8,SOUTHERN STAR CENTRAL GAS PIPELINE,WEBB           ,CHAT,Depleted Field,Grant,South Central Region,Active,29900000,12500000,42400000,203000
2023,OK,2830,1,ENABLE GAS TRANSMISSION LLC,ADA            ,UPPER CROMWELL,Depleted Field,Pontotoc,South Central Region,Active,8414000,12600000,21000000,360000
2023,OK,138766,2,ENABLE GAS TRANSMISSION LLC,CHILES DOME    ,WAPANUCKA,Depleted Field,Coal,South Central Region,Active,11000000,12600000,23600000,309000
2023,OK,11248,1,SALT PLAINS STORAGE LLC,SALT PLAINS STO,TONKAWA,Depleted Field,Grant,South Central Region,Active,7737925,15000000,22737925,200000
2023,OK,309272,3,ONEOK GAS STORAGE  LLC,HASKELL        ,BOOCH,Depleted Field,Muskogee,South Central Region,Active,2597609,9926508,13197000,43000
2023,OK,214586,2,ONEOK GAS STORAGE  LLC,EDMOND         ,RED FORK,Depleted Field,Logan,South Central Region,Active,23366264,23383736,46750000,625000
2023,OK,188952,1,ONEOK GAS STORAGE  LLC,DEPEW          ,DUTCHER,Depleted Field,Creek,South Central Region,Active,30147176,26152824,56300000,750000
2023,OR,478835,0,NW NATURAL,MIST           ,ADAMS,Depleted Field,Columbia,Pacific Region,Active,1636000,4085000,5721000,120000
2023,OR,478835,5,NW NATURAL,MIST           ,MEYER,Depleted Field,Columbia,Pacific Region,Active,935000,1536000,2471000,20000
2023,OR,478835,15,NW NATURAL,MIST           ,BUSCH,Depleted Field,Columbia,Pacific Region,Active,505000,367000,872000,30000
2023,OR,478835,2,NW NATURAL,MIST           ,BRUER,Depleted Field,Columbia,Pacific Region,Active,2356000,4347000,6703000,105000
2023,OR,478835,3,NW NATURAL,MIST           ,ALS POOL,Depleted Field,Columbia,Pacific Region,Active,2795000,2850000,5645000,107000
2023,OR,478835,17,NW NATURAL,MIST           ,REICHHOLD,Depleted Field,Columbia,Pacific Region,Active,3513000,3310000,6823000,108000
2023,OR,478835,1,NW NATURAL,MIST           ,FLORA,Depleted Field,Columbia,Pacific Region,Active,2605000,3931000,6536000,110000
2023,OR,478835,4,NW NATURAL,MIST           ,SCHLICKER,Depleted Field,Columbia,Pacific Region,Active,564000,1124000,1688000,35000
2023,PA,69081,1,COLUMBIA GAS OF PENNSYLVANIA INC,BLACKHAWK STORA,,Aquifer,Beaver,East Region,Active,1700000,937944,2676191,10000
2023,PA,17966,12,STECKMAN RIDGE LP,STECKMAN RIDGE ,ORISKANY,Depleted Field,Bedford,East Region,Active,5700000,12000000,17700000,300000
2023,PA,9677,3,COLUMBIA GAS TRANSMISSION LLC,ARTEMAS B      ,ORISKANY,Depleted Field,,East Region,Active,837000,1310000,2147000,42500
2023,PA,441705,34,COLUMBIA GAS TRANSMISSION LLC,HEARD          ,BIG INJUN  50 F,Depleted Field,,East Region,Active,400000,8500000,8900000,0
2023,PA,313512,13,TENNESSEE GAS PIPELINE COMPANY,HEBRON         ,ORISKANY,Depleted Field,Potter,East Region,Active,12000000,17300000,29300000,485000
2023,PA,337532,6,PEOPLES GAS COMPANY LLC,HUGHES         ,HUGHES,Depleted Field,Butler,East Region,Active,21087,49000,70087,6500
2023,PA,380765,3,PEOPLES GAS COMPANY LLC,KINTER         ,KINTER,Depleted Field,Indiana,East Region,Active,1147359,400000,1547359,12000
2023,PA,19048,10,PEOPLES GAS COMPANY LLC,VARDY          ,VARDY,Depleted Field,Butler,East Region,Active,46902,73000,119902,10000
2023,PA,567146,1,PEOPLES GAS COMPANY LLC,PORTMAN        ,PORTMAN,Depleted Field,Butler,East Region,Active,81427,94000,175427,15000
2023,PA,196828,38,COLUMBIA GAS TRANSMISSION LLC,DONEGAL        ,GORDON ST,Depleted Field,Washington,East Region,Active,4970000,4930000,9900000,219700
2023,PA,709091,12,EASTERN GAS TRANSMISSION AND STORAGE,TIOGA          ,ORISKANY,Depleted Field,Tioga,East Region,Active,12000000,24000000,36000000,504000
2023,PA,307691,5,EASTERN GAS TRANSMISSION AND STORAGE,HARRISON       ,ORISKANY,Depleted Field,Potter,East Region,Active,13382400,20717600,34100000,455000
2023,PA,517434,7,EASTERN GAS TRANSMISSION AND STORAGE,OAKFORD        ,MURRYSVILLE,Depleted Field,,East Region,Active,51000000,81400000,132400000,1405000
2023,PA,408747,6,EASTERN GAS TRANSMISSION AND STORAGE,LEIDY TAMARACK ,ORISKANY SANDST,Depleted Field,Potter,East Region,Active,52022000,61201000,113223000,1224000
2023,PA,647971,10,EASTERN GAS TRANSMISSION AND STORAGE,SHARON         ,ORISKANY,Depleted Field,Potter,East Region,Active,2200000,2405000,4605000,25000
2023,PA,623108,9,EASTERN GAS TRANSMISSION AND STORAGE,SABINSVILLE    ,ORISKANY,Depleted Field,Tioga,East Region,Active,17421000,18197000,35618000,518000
2023,PA,666548,11,EASTERN GAS TRANSMISSION AND STORAGE,SOUTH BEND     ,ONE HUNDRED FOO,Depleted Field,Armstrong,East Region,Active,11530000,5810000,17340000,200000
2023,PA,289081,4,EASTERN GAS TRANSMISSION AND STORAGE,GREENLICK      ,ORISKANY,Depleted Field,Clinton,East Region,Active,27030000,28830000,55860000,1062000
2023,PA,512723,14,EASTERN GAS TRANSMISSION AND STORAGE,NORTH SUMMIT   ,CHERT,Depleted Field,Fayette,East Region,Active,11500000,11500000,23000000,300000
2023,PA,220996,2,EASTERN GAS TRANSMISSION AND STORAGE,ELLISBURG      ,ORISKANY,Depleted Field,Potter,East Region,Active,33462000,43314000,76776000,815880
2023,PA,709091,23,UGI STORAGE COMPANY,MEEKER         ,ORISKANY,Depleted Field,Tioga,East Region,Active,1500000,3700000,5200000,60000
2023,PA,103446,1,EQUITRANS L P,BUNOLA         ,GANTZ SAND,Depleted Field,Allegheny,East Region,Active,3511000,3789000,7300000,180000
2023,PA,701449,18,EQUITRANS L P,TEPE           ,FIFTH SAND,Depleted Field,Allegheny,East Region,Active,637000,638000,1275000,43000
2023,PA,241428,4,EQUITRANS L P,FINLEYVILLE    ,FIFTH SAND,Depleted Field,Allegheny,East Region,Active,344000,456000,800000,38000
2023,PA,571347,10,EQUITRANS L P,PRATT          ,FIFTH SAND,Depleted Field,Greene,East Region,Active,5312000,3988000,9300000,65000
2023,PA,339950,6,EQUITRANS L P,HUNTERS CAVE   ,BIG INJUN SAND,Depleted Field,Greene,East Region,Active,3635000,3065000,6700000,36000
2023,PA,692023,16,EQUITRANS L P,SWARTS AND SWAR,FIFTY FOOT SAND,Depleted Field,Greene,East Region,Active,1251751,1345000,2600000,41000
2023,PA,754542,7,EQUITRANS L P,WEBSTER        ,MURRYSVILLE,Depleted Field,Allegheny,East Region,Active,327000,647000,974000,12000
2023,PA,263914,2,EQUITRANS L P,GAMBLE HAYDEN  ,BAYARD,Depleted Field,Allegheny,East Region,Active,1007000,1034000,2041000,17000
2023,PA,719222,6,EQUITRANS L P,TRUITTSBURG    ,BAYARD,Depleted Field,Allegheny,East Region,Active,1147000,1634000,2781000,37000
2023,PA,582872,5,EQUITRANS L P,RAGER MOUNTAIN ,ORISKANY,Depleted Field,Allegheny,East Region,Active,3741000,7865000,11606000,180000
2023,PA,211672,10,NATIONAL FUEL GAS SUPPLY CORPORATION,EAST BRANCH STO,COOPER,Depleted Field,,East Region,Active,9310000,4500000,13810000,55000
2023,PA,54750,1,NATIONAL FUEL GAS SUPPLY CORPORATION,BELMOUTH STORAG,COOPER,Depleted Field,Elk,East Region,Active,600000,800000,1400000,10000
2023,PA,81063,3,NATIONAL FUEL GAS SUPPLY CORPORATION,BOONE MOUNTAIN ,5TH VENANGO,Depleted Field,,East Region,Active,1129000,930000,2059000,15000
2023,PA,674345,25,NATIONAL FUEL GAS SUPPLY CORPORATION,ST MARYS STORAG,5TH VENANGO,Depleted Field,Elk,East Region,Active,283501,220000,531000,4000
2023,PA,263480,12,NATIONAL FUEL GAS SUPPLY CORPORATION,GALBRAITH STORA,1ST SHEFFIELD,Depleted Field,Jefferson,East Region,Active,1048000,1900000,2948000,37000
2023,PA,448308,19,NATIONAL FUEL GAS SUPPLY CORPORATION,MARKLE STORAGE ,5TH VENANGO,Depleted Field,Jefferson,East Region,Active,180000,155000,335000,11000
2023,PA,757146,29,NATIONAL FUEL GAS SUPPLY CORPORATION,WELLENDORF STOR,5TH VENANGO,Depleted Field,Mckean,East Region,Active,678000,450000,1128000,6000
2023,PA,692147,27,NATIONAL FUEL GAS SUPPLY CORPORATION,SWEDE HILL STOR,TIONA,Depleted Field,Mckean,East Region,Active,800000,300000,1100000,8000
2023,PA,371213,17,NATIONAL FUEL GAS SUPPLY CORPORATION,KEELOR STORAGE ,COOPER,Depleted Field,Mckean,East Region,Active,1550000,2400000,3950000,82000
2023,PA,220996,11,NATIONAL FUEL GAS SUPPLY CORPORATION,ELLISBURG STORA,ORISKANY,Depleted Field,Potter,East Region,Active,9438000,12216000,21654000,229900
2023,PA,315837,30,NATIONAL FUEL GAS SUPPLY CORPORATION,WHARTON STORAGE,ORISKANY,Depleted Field,Potter,East Region,Active,15400000,16000000,31400000,300000
2023,PA,263914,14,NATIONAL FUEL GAS SUPPLY CORPORATION,HENDERSON STORA,1 & 3 VENANGO,Depleted Field,,East Region,Active,2808000,2500000,5308000,33000
2023,PA,688357,26,NATIONAL FUEL GAS SUPPLY CORPORATION,SUMMIT STORAGE ,ORISKANY,Depleted Field,Erie,East Region,Active,2600000,1600000,4200000,60000
2023,PA,494982,3,PEOPLES NATURAL GAS COMPANY,MURRYSVILLE    ,HUNDRED FOOT,Depleted Field,Allegheny,East Region,Active,1715640,1530000,3245640,32000
2023,PA,9675,27,COLUMBIA GAS TRANSMISSION LLC,ARTEMAS A      ,ORISKANY,Depleted Field,Bedford,East Region,Active,5672000,8785000,14457000,250000
2023,TN,345200,1,CITIZENS GAS UTILITY DISTRICT,INDIAN CREEK   ,FORT PAYNE,Depleted Field,Morgan,Midwest Region,Active,537528,1800000,2400000,10000
2023,TX,10165,3,ONEOK TEXAS GAS STORAGE LP,SALADO         ,SALADO SALT,Salt Dome,Gaines,South Central Region,Active,1525538,2119932,3645470,200000
2023,TX,426876,1,ONEOK TEXAS GAS STORAGE LP,LOOP           ,YATES,Depleted Field,Gaines,South Central Region,Active,694873,0,0,0
2023,TX,238583,2,ONEOK TEXAS GAS STORAGE LP,FELMAC         ,YATES,Depleted Field,Gaines,South Central Region,Active,2095449,3023827,5119276,100000
2023,TX,447998,321,TRES PALACIOS GAS STORAGE LLC,TRULL          ,TRULL,Salt Dome,Matagorda,South Central Region,Active,15460000,34910000,52390000,2500000
2023,TX,555334,1,UNDERGROUND STORAGE  LLC,PIERCE JUNCTION,PIERCE JUNCTION,Salt Dome,Harris,South Central Region,Active,1100000,2230000,3330000,250000
2023,TX,99028,4,ENERGY TRANSFER FUEL LP,BRYSON         ,SOUTH BRYSON,Depleted Field,Jack,South Central Region,Active,4415029,4991971,9407000,175000
2023,TX,58997,1,ENERGY TRANSFER FUEL LP,BETHEL         ,LOU ANN SALT 1,Salt Dome,Anderson,South Central Region,Active,5673701,7082999,12756700,400000
2023,TX,78707,1,ENTERPRISE TEXAS PIPELINE LLC,BOLING         ,ENTERPRISE TEXA,Salt Dome,Wharton,South Central Region,Active,6834000,12455000,19278000,520000
2023,TX,669617,1,CENTANA INTERSTATE PIPELINE LLC,SPINDLETOP     ,LOU ANNE SALT D,Salt Dome,Jefferson,South Central Region,Active,6926791,13600000,21100000,500000
2023,TX,683893,2,FREEPORT LNG DEVELOPMENT LP,STRATTON RIDGE ,STRATTON RIDGE,Salt Dome,Brazoria,South Central Region,Active,3879559,4500000,8500000,500000
2023,TX,683893,1,DOW CHEMICAL COMPANY,STRATTON RIDGE ,DW 6,Salt Dome,Brazoria,South Central Region,Active,1095000,760000,1670000,100000
2023,TX,669617,2,GOLDEN TRIANGLE STORAGE INC,SPINDLETOP     ,SPINDLETOP,Salt Dome,Jefferson,South Central Region,Active,6524343,13784078,20213011,600000
2023,TX,779584,5,WORSHAM STEED GAS STORAGE LLC,WORSHAM STEED  ,BEND CONGLOMERA,Depleted Field,Jack,South Central Region,Active,14540597,26853360,41393958,500000
2023,TX,322712,9,HILL LAKE GAS STORAGE LLC,HILL LAKE      ,LAKE SAND,Depleted Field,Eastland,South Central Region,Active,4621359,9878641,14500000,350000
2023,TX,322309,1,LOWER COLORADO RIVER AUTHORITY,HILBIG GAS STOR,HILBIG UNIT,Depleted Field,Bastrop,South Central Region,Active,1069000,4000000,6000000,110000
2023,TX,37242,1,HOUSTON PIPE LINE COMPANY,BAMMEL         ,COCKFIELD 6200,Depleted Field,Harris,South Central Region,Active,65500000,52500000,118000000,1200000
2023,TX,183162,1,KINDER MORGAN TEXAS PIPELINE LLC,DAYTON NORTH   ,LOUANN SALT,Salt Dome,Liberty,South Central Region,Active,5631494,11000000,16665000,875000
2023,TX,447998,1,KINDER MORGAN TEXAS PIPELINE LLC,MARKHAM        ,LAUANN SALT,Salt Dome,Matagorda,South Central Region,Active,15545770,21669721,33800000,1080000
2023,TX,377362,1,KINDER MORGAN KEYSTONE GAS STORAGE,KEYSTONE       ,,Salt Dome,Winkler,South Central Region,Active,2213100,6384500,8597598,400000
2023,TX,716897,11,ATMOS PIPELINE - TEXAS,TRI-CITIES     ,BACON LIME AND,Depleted Field,Henderson,South Central Region,Active,8410000,27842317,36252317,600000
2023,TX,58997,12,ATMOS PIPELINE - TEXAS,BETHEL         ,LOUANNE SALT,Salt Dome,Anderson,South Central Region,Active,1628996,6206232,9206232,600000
2023,TX,15230,1,ATMOS PIPELINE - TEXAS,LA-PAN         ,CHAPPEL LIME,Depleted Field,Clay,South Central Region,Active,1070000,3425000,4495000,117000
2023,TX,391797,4,ATMOS PIPELINE - TEXAS,NEW YORK STORAG,CHAPPEL LIME,Depleted Field,Clay,South Central Region,Active,2083025,5650000,7733025,153000
2023,TX,396106,6,ATMOS PIPELINE - TEXAS,LAKE DALLAS    ,STRAWN SAND,Depleted Field,Denton,South Central Region,Active,1315000,2960000,4275000,153000
2023,TX,58997,12,ATMOS PIPELINE - TEXAS,BETHEL         ,LOUANNE SALT 1B,Salt Dome,Anderson,South Central Region,Active,3800000,7000000,10800000,400000
2023,TX,424179,1,SWG PIPELINE LLC,LONE CAMP(600) ,,Depleted Field,Palo Pinto,South Central Region,Active,353072,713106,1066178,27351
2023,TX,487479,1,MOSS BLUFF HUB PARTNERS LP,MOSS BLUFF STOR,MOSS BLUFF STOR,Salt Dome,Liberty,South Central Region,Active,7040000,22330000,29370000,1000000
2023,TX,401810,13,NATURAL GAS PIPELINE CO OF AMERICA,NORTH LANSING  ,RODESSA - YOUNG,Depleted Field,Harrison,South Central Region,Active,60000000,96000000,156000000,1240000
2023,TX,669648,2,WSP USA INC,SPINDLETOP     ,SPINDLETOP,Salt Dome,Jefferson,South Central Region,Active,5123000,5900000,11023000,480000
2023,TX,17333,1,KINDER MORGAN TEJAS PIPELINE LLC,STRATTON RIDGE ,LOUANN SALT,Salt Dome,Brazoria,South Central Region,Active,880000,1410000,2290000,100000
2023,TX,147214,1,KINDER MORGAN TEJAS PIPELINE LLC,WEST CLEAR LAKE,FRIO,Depleted Field,Harris,South Central Region,Active,34916637,99350165,134266802,895112
2023,TX,370123,1,ENSTOR KATY STORAGE & TRANSPLP,KATY HUB & STOR,FULSHEAR (HILLE,Depleted Field,Fort Bend,South Central Region,Active,7800000,23500000,31300000,700000
2023,TX,19887,1,CAGO INC,AMBASSADOR (MIS,CHAPPEL LIME,Depleted Field,Clay,South Central Region,Active,651000,651000,2600000,1000
2023,UT,146315,2,QUESTAR PIPELINE COMPANY,CLAY BASIN     ,DAKOTA,Depleted Field,Daggett,Mountain Region,Active,66224276,53950000,120200000,765000
2023,UT,131078,1,QUESTAR PIPELINE COMPANY,CHALK CREEK    ,KELVIN,Aquifer,Summit,Mountain Region,Active,1017652,300000,1324709,35000
2023,UT,150268,3,QUESTAR PIPELINE COMPANY,COALVILLE      ,LONGWALL,Aquifer,Summit,Mountain Region,Active,2265295,692000,2983827,65000
2023,VA,211424,1,SALTVILLE GAS STORAGE,EARLY GROVE    ,LITTLE VALLEY,Depleted Field,Washington,East Region,Active,1900000,1400000,3300000,20000
2023,VA,15921,1,SALTVILLE GAS STORAGE,SALTVILLE STORA,MACCRADY SALT,Salt Dome,Washington,East Region,Active,2130000,3530000,5660000,325000
2023,WA,353192,1,PUGET SOUND ENERGY,JACKSON PRAIRIE,ZONES 2 & 9,Aquifer,Lewis,Pacific Region,Active,22300000,24600000,46900000,1150000
2023,WV,339392,25,COLUMBIA GAS TRANSMISSION LLC,HUNT           ,ORISKANY,Depleted Field,Kanawha,East Region,Active,4439900,1700000,6139900,12400
2023,WV,602659,14,COLUMBIA GAS TRANSMISSION LLC,RIPLEY         ,ORISKANY,Depleted Field,Jackson,East Region,Active,12877000,12173000,25050000,83200
2023,WV,274789,42,COLUMBIA GAS TRANSMISSION LLC,GLADY          ,CHERT  ORISKANY,Depleted Field,,East Region,Active,18393000,12807000,31200000,323300
2023,WV,441705,35,COLUMBIA GAS TRANSMISSION LLC,MAJORSVILLE SH ,SALT SANDS,Depleted Field,,East Region,Active,183000,3300000,3483000,0
2023,WV,701821,4,COLUMBIA GAS TRANSMISSION LLC,TERRA ALTA SOUT,CHERT  ORISKANY,Depleted Field,Preston,East Region,Active,12860000,4540000,17400000,66700
2023,WV,401624,1,COLUMBIA GAS TRANSMISSION LLC,LANHAM         ,BIG LIME,Depleted Field,Kanawha,East Region,Active,3260000,1740000,5000000,47600
2023,WV,701821,44,COLUMBIA GAS TRANSMISSION LLC,TERRA ALTA     ,CHERT  ORISKANY,Depleted Field,Preston,East Region,Active,30063000,13400000,43463000,210300
2023,WV,150919,29,COLUMBIA GAS TRANSMISSION LLC,COCO A         ,ORISKANY,Depleted Field,Kanawha,East Region,Active,17231351,21908649,39140000,413200
2023,WV,608868,19,COLUMBIA GAS TRANSMISSION LLC,ROCKPORT       ,ORISKANY,Depleted Field,,East Region,Active,4349000,3811000,8160000,114300
2023,WV,738077,20,COLUMBIA GAS TRANSMISSION LLC,VICTORY A      ,MAXTON,Depleted Field,,East Region,Active,4390107,2759893,7150000,67700
2023,WV,305871,1,HARDY STORAGE COMPANY LLC,HARDY          ,ORISKANY,Depleted Field,,East Region,Active,18769200,12300000,31069200,170900
2023,WV,582509,8,EASTERN GAS TRANSMISSION AND STORAGE,RACKET NEW BERN,GANTZ SANDSTONE,Depleted Field,Ritchie,East Region,Active,3465000,4446000,7911000,50000
2023,WV,91588,1,EASTERN GAS TRANSMISSION AND STORAGE,BRIDGEPORT     ,FIFTH SAND,Depleted Field,Harrison,East Region,Active,4039000,4182000,8221000,81600
2023,WV,241335,3,EASTERN GAS TRANSMISSION AND STORAGE,KENNEDY LOST CR,GANTZ,Depleted Field,Lewis,East Region,Active,77982000,89539000,167521000,1220000
2023,WV,479915,9,EQUITRANS L P,MOBLEY         ,BIG INJUN SAND,Depleted Field,Wetzel,East Region,Active,2747000,4653000,7400000,125000
2023,WV,652900,14,EQUITRANS L P,SHIRLEY        ,KEENER SAND,Depleted Field,Doddridge,East Region,Active,1902000,1898000,3800000,29000
2023,WV,155941,2,EQUITRANS L P,COMET          ,FIFTY FOOT SAND,Depleted Field,Taylor,East Region,Active,2024000,3276000,5300000,68000
2023,WV,659635,15,EQUITRANS L P,SKIN CREEK     ,GORDON SAND,Depleted Field,Lewis,East Region,Active,1037000,1128000,2165000,37000
2023,WV,445487,8,EQUITRANS L P,MAPLE LAKE     ,FIFTY FOOT,Depleted Field,Taylor,East Region,Active,1420000,980000,2400000,14000
2023,WV,597885,11,EQUITRANS L P,RHODES         ,GANTZ SAND,Depleted Field,Lewis,East Region,Active,5134000,4566000,9700000,86000
2023,WV,423063,7,EQUITRANS L P,LOGANSPORT     ,KEENER SAND,Depleted Field,Marion,East Region,Active,1479000,2221000,3700000,49000
2023,WV,311132,5,EQUITRANS L P,HAYES          ,KEENER SAND,Depleted Field,Marion,East Region,Active,47000,146000,193000,6000
2023,WV,30591,1,HAMPSHIRE GAS CO,AUGUSTA        ,ORISKANY SAND,Depleted Field,Hampshire,East Region,Active,4335000,2751000,7086000,63521
2023,WV,418024,2,HAMPSHIRE GAS CO,LITTLE CAPON   ,ORISKANY SAND,Depleted Field,Hampshire,East Region,Active,4863000,2667000,7530000,73466
2023,WV,441705,9,COLUMBIA GAS TRANSMISSION LLC,MAJORSVILLE DP ,BIG INJUN NINEV,Depleted Field,,East Region,Active,1523000,23000000,24523000,0
2023,WV,401624,30,COLUMBIA GAS TRANSMISSION LLC,COCO B         ,ORISKANY,Depleted Field,Kanawha,East Region,Active,6415000,3285000,9700000,154000
2023,WV,738077,21,COLUMBIA GAS TRANSMISSION LLC,VICTORY B      ,MAXTON  BIG INJ,Depleted Field,,East Region,Active,10305289,14794711,25100000,166800
2023,WV,150919,8,COLUMBIA GAS TRANSMISSION LLC,COCO C         ,ORISKANY,Depleted Field,Kanawha,East Region,Active,8690000,10080000,18770000,138700
2023,WV,472807,1,TEAVEE OIL & GAS INC,MIDWAY-EXTRA   ,BIG LIME STORAG,Aquifer,Putnam,East Region,Active,134000,66000,200000,1200
2023,WV,19049,1,DIVERSIFIED GAS & OIL,HEIZER X-1     ,BIG LIME,Depleted Field,Kanawha,East Region,Active,818000,2730000,3150000,46000
2023,WV,584174,2,DIVERSIFIED GAS & OIL,RALEIGH CITY   ,MAXTON,Depleted Field,Raleigh,East Region,Active,700000,660000,1550000,17000
2023,WY,218981,3,WBI ENERGY TRANSMISSION INC,ELK BASIN      ,CLOVERLY,Depleted Field,Park,Mountain Region,Active,34825700,28379400,63205100,134985
2023,WY,520968,4,BLACK HILLS ENERGY CORP,OIL SPRINGS    ,SUNDANCE,Depleted Field,Carbon,Mountain Region,Active,15036900,4351500,18602300,28000
2023,WY,381509,2,BLACK HILLS ENERGY CORP,KIRK RANCH (BOB,CLOVERLY,Depleted Field,Fremont,Mountain Region,Active,1339700,535200,1474900,3900
2023,WY,103353,1,BLACK HILLS ENERGY CORP,BUNKER HILL    ,SHANNON,Depleted Field,Fremont,Mountain Region,Active,1169000,847200,2016200,4100
2023,WY,621470,1,SPIRE STORAGE WEST LLC,BELLE BUTTE    ,NUGGETT SAND,Depleted Field,Uinta,Mountain Region,Active,18048030,34805000,53048000,480000
2023,WY,147121,1,SPIRE STORAGE WEST LLC,CLEAR CREEK    ,NUGGETT,Depleted Field,Uinta,Mountain Region,Active,4000000,4000000,8000000,50000
2023,WY,411227,4,QUESTAR PIPELINE COMPANY,LEROY          ,THAYNES,Aquifer,Uinta,Mountain Region,Active,5906664,836000,6705113,75000
2023,IL,318782,11,NATURAL GAS PIPELINE CO OF AMERICA,HERSCHER NORTHW,MT. SIMON,Aquifer,Kankakee,Midwest Region,Inactive,15292987,2207013,17500000,65000
2023,IN,426597,2,CENTERPOINT ENERGY,LOOGOOTEE      ,BETHEL SAND,Depleted Field,Daviess,Midwest Region,Inactive,75006,221000,296006,0
2023,IN,764757,1,INDIANA GAS COMPANY DBA VECTREN,WHITE RIVER    ,CYPRESS SAND,Depleted Field,Pike,Midwest Region,Inactive,826717,634217,1460934,10000
2023,KY,194968,5,LOUISVILLE GAS AND ELECTRIC COMPANY,DOE RUN        ,DOE RUN,Aquifer,Meade,Midwest Region,Inactive,960000,3990000,5800000,60000
2023,KY,171116,4,ATMOS ENERGY CORPORATION,CROFTON EAST   ,MISSISSIPPIAN,Depleted Field,Hopkins,Midwest Region,Inactive,36957,50000,105000,1000
2023,LA,498735,1,GULF SOUTH PIPELINE,MAGNOLIA GAS ST,SALT DOME,Salt Dome,Assumption,South Central Region,Inactive,0,0,8000000,0
2023,OH,429683,1,NGO DEVELOPMENT CORPORATION,LOVE STORAGE   ,ROSE RUN FORMAT,Depleted Field,Perry,East Region,Inactive,12000,138000,150000,3000
2023,OH,790229,51,COLUMBIA GAS TRANSMISSION LLC,ZANE           ,CLINTON,Depleted Field,Muskingum,East Region,Inactive,60000,85000,145000,0
2023,OH,155228,3,LAKE SHORE GAS STORAGE INC,COLUMBIANA     ,ORISKANY,Depleted Field,Columbiana,East Region,Inactive,892124,0,892124,3000
2023,OH,227583,1,NGO DEVELOPMENT CORPORATION,ERIC STORAGE   ,CLINTON SANDS,Depleted Field,Licking,East Region,Inactive,650000,350000,1000000,150
2023,OK,225088,1,JBD OKLAHOMA LLC,ENFISCO GAS STO,PENNSYLVANIA,Aquifer,Osage,South Central Region,Inactive,114185,30668,170000,500
2023,PA,327239,23,EQUITRANS L P,HOLBROOK       ,GANTZ SAND,Depleted Field,Greene,East Region,Inactive,1109502,410000,1540000,7500
2023,PA,162823,6,NATIONAL FUEL GAS SUPPLY CORPORATION,CORRY STORAGE  ,MEDINA,Depleted Field,Erie,East Region,Inactive,949168,200000,1250000,25000
2023,PA,579391,23,NATIONAL FUEL GAS SUPPLY CORPORATION,QUEEN STORAGE  ,QUEEN,Depleted Field,Forest,East Region,Inactive,644546,300000,945000,5000
2023,TN,413514,1,FORK RIDGE ENERGY,LICK BRANCH UNI,FT. PAYNE,Depleted Field,Scott,Midwest Region,Inactive,340000,0,0,0
2023,TX,744691,0,WWM OPERATING LLC,WAHA           ,,,Reeves,South Central Region,Inactive,,,,
2023,TX,554962,1,ENBRIDGE G&P,PICKTON        ,BACON-LIME,Depleted Field,Hopkins,South Central Region,Inactive,3962185,16037815,20000000,18000
2023,TX,546832,7,FORT CONCHO GAS STORAGE INC,PECAN STATION  ,PECAN STATION(C,Depleted Field,Tom Green,South Central Region,Inactive,900000,1581000,2481000,60000
2023,TX,568851,1,ENSTOR KATY STORAGE & TRANSPLP,POTTSVILLE SOUT,MARBLE FALLS LI,Depleted Field,Hamilton,South Central Region,Inactive,915513,0,915513,20886
2023,WY,64880,1,WBI ENERGY TRANSMISSION INC,BILLY CREEK    ,FRONTIER,Depleted Field,Johnson,Mountain Region,Inactive,2027711,542200,2943500,5000
